course,difficulty,role,attempt,question,input,expected,intendedCorrect,result,statsTotal,statsCorrect,streak,bestStreak,historyLength,weakestType,reviewQueue,issues
音程距离速算,简单,资深 QA 工程师,1,C -> B,"{""target"":""B"",""degree"":""7"",""semitones"":""11"",""quality"":""M7"",""feel"":""不协和""}",B 七度 11 大七度 不协和,true,correct,1,1,1,1,1,暂无,,
音程距离速算,简单,资深 QA 工程师,2,C -> C,"{""target"":""Z"",""degree"":""9"",""semitones"":""99"",""quality"":""bad"",""feel"":""不协和""}",C 一度 0 纯一度 完全协和,false,incorrect,2,1,0,1,2,纯一度,C -> C,
音程距离速算,简单,资深 QA 工程师,3,C -> F,"{""target"":""F"",""degree"":""4"",""semitones"":""5"",""quality"":""P4"",""feel"":""完全协和""}",F 四度 5 纯四度 完全协和,true,correct,3,2,1,1,3,纯一度,C -> C,
音程距离速算,简单,资深 QA 工程师,4,C -> E,"{""target"":""E"",""degree"":""3"",""semitones"":""4"",""quality"":""M3"",""feel"":""不完全协和""}",E 三度 4 大三度 不完全协和,true,correct,4,3,2,2,4,纯一度,C -> C,
音程距离速算,简单,资深 QA 工程师,5,C -> G,"{""target"":""Z"",""degree"":""9"",""semitones"":""99"",""quality"":""bad"",""feel"":""不协和""}",G 五度 7 纯五度 完全协和,false,incorrect,5,3,0,2,5,纯一度,C -> G|C -> C,
音程距离速算,简单,吉他乐理老师,1,C -> A,"{""target"":""A"",""degree"":""6"",""semitones"":""9"",""quality"":""M6"",""feel"":""不完全协和""}",A 六度 9 大六度 不完全协和,true,correct,6,4,1,2,6,纯一度,C -> G|C -> C,
音程距离速算,简单,吉他乐理老师,2,C -> D,"{""target"":""D"",""degree"":""2"",""semitones"":""2"",""quality"":""M2"",""feel"":""不协和""}",D 二度 2 大二度 不协和,true,correct,7,5,2,2,7,纯一度,C -> G|C -> C,
音程距离速算,简单,吉他乐理老师,3,C -> C,"{""target"":""C"",""degree"":""1"",""semitones"":""0"",""quality"":""P1"",""feel"":""完全协和""}",C 一度 0 纯一度 完全协和,true,correct,8,6,3,3,8,纯一度,C -> G,
音程距离速算,简单,吉他乐理老师,4,C -> F,"{""target"":""F"",""degree"":""4"",""semitones"":""5"",""quality"":""P4"",""feel"":""完全协和""}",F 四度 5 纯四度 完全协和,true,correct,9,7,4,4,9,纯一度,C -> G,
音程距离速算,简单,吉他乐理老师,5,C -> B,"{""target"":""B"",""degree"":""7"",""semitones"":""11"",""quality"":""M7"",""feel"":""不协和""}",B 七度 11 大七度 不协和,true,correct,10,8,5,5,10,纯一度,C -> G,
音程距离速算,简单,零基础真实用户体验官,1,C -> G,"{""target"":""Z"",""degree"":""9"",""semitones"":""99"",""quality"":""bad"",""feel"":""不协和""}",G 五度 7 纯五度 完全协和,false,incorrect,11,8,0,5,10,纯五度,C -> G,
音程距离速算,简单,零基础真实用户体验官,2,C -> E,"{""target"":""E"",""degree"":""3"",""semitones"":""4"",""quality"":""M3"",""feel"":""不完全协和""}",E 三度 4 大三度 不完全协和,true,correct,12,9,1,5,10,纯五度,C -> G,
音程距离速算,简单,零基础真实用户体验官,3,C -> D,"{""target"":""D"",""degree"":""2"",""semitones"":""2"",""quality"":""M2"",""feel"":""不协和""}",D 二度 2 大二度 不协和,true,correct,13,10,2,5,10,纯五度,C -> G,
音程距离速算,简单,零基础真实用户体验官,4,C -> C,"{""target"":""Z"",""degree"":""9"",""semitones"":""99"",""quality"":""bad"",""feel"":""不协和""}",C 一度 0 纯一度 完全协和,false,incorrect,14,10,0,5,10,纯一度,C -> C|C -> G,
音程距离速算,简单,零基础真实用户体验官,5,C -> F,"{""target"":""F"",""degree"":""4"",""semitones"":""5"",""quality"":""P4"",""feel"":""完全协和""}",F 四度 5 纯四度 完全协和,true,correct,15,11,1,5,10,纯一度,C -> C|C -> G,
音程距离速算,简单,产品评审专家,1,C -> A,"{""target"":""A"",""degree"":""6"",""semitones"":""9"",""quality"":""M6"",""feel"":""不完全协和""}",A 六度 9 大六度 不完全协和,true,correct,16,12,2,5,10,纯一度,C -> C|C -> G,
音程距离速算,简单,产品评审专家,2,C -> G,"{""target"":""Z"",""degree"":""9"",""semitones"":""99"",""quality"":""bad"",""feel"":""不协和""}",G 五度 7 纯五度 完全协和,false,incorrect,17,12,0,5,10,纯五度,C -> G|C -> C,
音程距离速算,简单,产品评审专家,3,C -> E,"{""target"":""E"",""degree"":""3"",""semitones"":""4"",""quality"":""M3"",""feel"":""不完全协和""}",E 三度 4 大三度 不完全协和,true,correct,18,13,1,5,10,纯五度,C -> G|C -> C,
音程距离速算,简单,产品评审专家,4,C -> D,"{""target"":""D"",""degree"":""2"",""semitones"":""2"",""quality"":""M2"",""feel"":""不协和""}",D 二度 2 大二度 不协和,true,correct,19,14,2,5,10,纯五度,C -> G|C -> C,
音程距离速算,简单,产品评审专家,5,C -> C,"{""target"":""C"",""degree"":""1"",""semitones"":""0"",""quality"":""P1"",""feel"":""完全协和""}",C 一度 0 纯一度 完全协和,true,correct,20,15,3,5,10,纯五度,C -> G,
音程距离速算,中等,资深 QA 工程师,1,C -> C,"{""target"":""C"",""degree"":""1"",""semitones"":""0"",""quality"":""P1"",""feel"":""完全协和""}",C 一度 0 纯一度 完全协和,true,correct,1,1,1,1,1,暂无,,
音程距离速算,中等,资深 QA 工程师,2,C -> D,"{""target"":""Z"",""degree"":""9"",""semitones"":""99"",""quality"":""bad"",""feel"":""完全协和""}",D 二度 2 大二度 不协和,false,incorrect,2,1,0,1,2,大二度,C -> D,
音程距离速算,中等,资深 QA 工程师,3,C -> Ab,"{""target"":""Ab"",""degree"":""6"",""semitones"":""8"",""quality"":""m6"",""feel"":""不完全协和""}",Ab 六度 8 小六度 不完全协和,true,correct,3,2,1,1,3,大二度,C -> D,
音程距离速算,中等,资深 QA 工程师,4,C -> A,"{""target"":""A"",""degree"":""6"",""semitones"":""9"",""quality"":""M6"",""feel"":""不完全协和""}",A 六度 9 大六度 不完全协和,true,correct,4,3,2,2,4,大二度,C -> D,
音程距离速算,中等,资深 QA 工程师,5,C -> Db,"{""target"":""Z"",""degree"":""9"",""semitones"":""99"",""quality"":""bad"",""feel"":""完全协和""}",Db 二度 1 小二度 不协和,false,incorrect,5,3,0,2,5,大二度,C -> Db|C -> D,
音程距离速算,中等,吉他乐理老师,1,C -> G,"{""target"":""G"",""degree"":""5"",""semitones"":""7"",""quality"":""P5"",""feel"":""完全协和""}",G 五度 7 纯五度 完全协和,true,correct,6,4,1,2,6,大二度,C -> Db|C -> D,
音程距离速算,中等,吉他乐理老师,2,C -> Gb,"{""target"":""Gb"",""degree"":""5"",""semitones"":""6"",""quality"":""d5"",""feel"":""不协和""}",Gb 五度 6 减五度 不协和,true,correct,7,5,2,2,7,大二度,C -> Db|C -> D,
音程距离速算,中等,吉他乐理老师,3,C -> F,"{""target"":""F"",""degree"":""4"",""semitones"":""5"",""quality"":""P4"",""feel"":""完全协和""}",F 四度 5 纯四度 完全协和,true,correct,8,6,3,3,8,大二度,C -> Db|C -> D,
音程距离速算,中等,吉他乐理老师,4,C -> D,"{""target"":""D"",""degree"":""2"",""semitones"":""2"",""quality"":""M2"",""feel"":""不协和""}",D 二度 2 大二度 不协和,true,correct,9,7,4,4,9,大二度,C -> Db,
音程距离速算,中等,吉他乐理老师,5,C -> E,"{""target"":""E"",""degree"":""3"",""semitones"":""4"",""quality"":""M3"",""feel"":""不完全协和""}",E 三度 4 大三度 不完全协和,true,correct,10,8,5,5,10,大二度,C -> Db,
音程距离速算,中等,零基础真实用户体验官,1,C -> Db,"{""target"":""Z"",""degree"":""9"",""semitones"":""99"",""quality"":""bad"",""feel"":""完全协和""}",Db 二度 1 小二度 不协和,false,incorrect,11,8,0,5,10,小二度,C -> Db,
音程距离速算,中等,零基础真实用户体验官,2,C -> Eb,"{""target"":""Eb"",""degree"":""3"",""semitones"":""3"",""quality"":""m3"",""feel"":""不完全协和""}",Eb 三度 3 小三度 不完全协和,true,correct,12,9,1,5,10,小二度,C -> Db,
音程距离速算,中等,零基础真实用户体验官,3,C -> B,"{""target"":""B"",""degree"":""7"",""semitones"":""11"",""quality"":""M7"",""feel"":""不协和""}",B 七度 11 大七度 不协和,true,correct,13,10,2,5,10,小二度,C -> Db,
音程距离速算,中等,零基础真实用户体验官,4,C -> G,"{""target"":""Z"",""degree"":""9"",""semitones"":""99"",""quality"":""bad"",""feel"":""不协和""}",G 五度 7 纯五度 完全协和,false,incorrect,14,10,0,5,10,小二度,C -> G|C -> Db,
音程距离速算,中等,零基础真实用户体验官,5,C -> C,"{""target"":""C"",""degree"":""1"",""semitones"":""0"",""quality"":""P1"",""feel"":""完全协和""}",C 一度 0 纯一度 完全协和,true,correct,15,11,1,5,10,小二度,C -> G|C -> Db,
音程距离速算,中等,产品评审专家,1,C -> F#,"{""target"":""F#"",""degree"":""4"",""semitones"":""6"",""quality"":""A4"",""feel"":""不协和""}",F# 四度 6 增四度 不协和,true,correct,16,12,2,5,10,小二度,C -> G|C -> Db,
音程距离速算,中等,产品评审专家,2,C -> D,"{""target"":""Z"",""degree"":""9"",""semitones"":""99"",""quality"":""bad"",""feel"":""完全协和""}",D 二度 2 大二度 不协和,false,incorrect,17,12,0,5,10,大二度,C -> D|C -> G|C -> Db,
音程距离速算,中等,产品评审专家,3,C -> Db,"{""target"":""Db"",""degree"":""2"",""semitones"":""1"",""quality"":""m2"",""feel"":""不协和""}",Db 二度 1 小二度 不协和,true,correct,18,13,1,5,10,大二度,C -> D|C -> G,
音程距离速算,中等,产品评审专家,4,C -> F,"{""target"":""F"",""degree"":""4"",""semitones"":""5"",""quality"":""P4"",""feel"":""完全协和""}",F 四度 5 纯四度 完全协和,true,correct,19,14,2,5,10,大二度,C -> D|C -> G,
音程距离速算,中等,产品评审专家,5,C -> Ab,"{""target"":""Ab"",""degree"":""6"",""semitones"":""8"",""quality"":""m6"",""feel"":""不完全协和""}",Ab 六度 8 小六度 不完全协和,true,correct,20,15,3,5,10,大二度,C -> D|C -> G,
音程距离速算,困难,资深 QA 工程师,1,A -> D(上方),"{""target"":""D"",""degree"":""4"",""semitones"":""5"",""quality"":""P4"",""feel"":""完全协和""}",D 四度 5 纯四度 完全协和,true,correct,1,1,1,1,1,暂无,,
音程距离速算,困难,资深 QA 工程师,2,D -> Ab,"{""target"":""Z"",""degree"":""9"",""semitones"":""99"",""quality"":""bad"",""feel"":""完全协和""}",Ab 五度 6 减五度 不协和,false,incorrect,2,1,0,1,2,减五度,D -> Ab,
音程距离速算,困难,资深 QA 工程师,3,D -> E,"{""target"":""E"",""degree"":""2"",""semitones"":""2"",""quality"":""M2"",""feel"":""不协和""}",E 二度 2 大二度 不协和,true,correct,3,2,1,1,3,减五度,D -> Ab,
音程距离速算,困难,资深 QA 工程师,4,D -> F,"{""target"":""F"",""degree"":""3"",""semitones"":""3"",""quality"":""m3"",""feel"":""不完全协和""}",F 三度 3 小三度 不完全协和,true,correct,4,3,2,2,4,减五度,D -> Ab,
音程距离速算,困难,资深 QA 工程师,5,B -> D(上方),"{""target"":""Z"",""degree"":""9"",""semitones"":""99"",""quality"":""bad"",""feel"":""完全协和""}",D 三度 3 小三度 不完全协和,false,incorrect,5,3,0,2,5,减五度,B -> D(上方)|D -> Ab,
音程距离速算,困难,吉他乐理老师,1,E -> B,"{""target"":""B"",""degree"":""5"",""semitones"":""7"",""quality"":""P5"",""feel"":""完全协和""}",B 五度 7 纯五度 完全协和,true,correct,6,4,1,2,6,减五度,B -> D(上方)|D -> Ab,
音程距离速算,困难,吉他乐理老师,2,C -> G,"{""target"":""G"",""degree"":""5"",""semitones"":""7"",""quality"":""P5"",""feel"":""完全协和""}",G 五度 7 纯五度 完全协和,true,correct,7,5,2,2,7,减五度,B -> D(上方)|D -> Ab,
音程距离速算,困难,吉他乐理老师,3,D -> Ab,"{""target"":""Ab"",""degree"":""5"",""semitones"":""6"",""quality"":""d5"",""feel"":""不协和""}",Ab 五度 6 减五度 不协和,true,correct,8,6,3,3,8,减五度,B -> D(上方),
音程距离速算,困难,吉他乐理老师,4,G -> Db(上方),"{""target"":""Db"",""degree"":""5"",""semitones"":""6"",""quality"":""d5"",""feel"":""不协和""}",Db 五度 6 减五度 不协和,true,correct,9,7,4,4,9,减五度,B -> D(上方),
音程距离速算,困难,吉他乐理老师,5,F -> Eb(上方),"{""target"":""Eb"",""degree"":""7"",""semitones"":""10"",""quality"":""m7"",""feel"":""不协和""}",Eb 七度 10 小七度 不协和,true,correct,10,8,5,5,10,减五度,B -> D(上方),
音程距离速算,困难,零基础真实用户体验官,1,B -> D(上方),"{""target"":""Z"",""degree"":""9"",""semitones"":""99"",""quality"":""bad"",""feel"":""完全协和""}",D 三度 3 小三度 不完全协和,false,incorrect,11,8,0,5,10,小三度,B -> D(上方),
音程距离速算,困难,零基础真实用户体验官,2,C -> Bb,"{""target"":""Bb"",""degree"":""7"",""semitones"":""10"",""quality"":""m7"",""feel"":""不协和""}",Bb 七度 10 小七度 不协和,true,correct,12,9,1,5,10,小三度,B -> D(上方),
音程距离速算,困难,零基础真实用户体验官,3,B -> F#(上方),"{""target"":""F#"",""degree"":""5"",""semitones"":""7"",""quality"":""P5"",""feel"":""完全协和""}",F# 五度 7 纯五度 完全协和,true,correct,13,10,2,5,10,小三度,B -> D(上方),
音程距离速算,困难,零基础真实用户体验官,4,C -> Gb,"{""target"":""Z"",""degree"":""9"",""semitones"":""99"",""quality"":""bad"",""feel"":""完全协和""}",Gb 五度 6 减五度 不协和,false,incorrect,14,10,0,5,10,减五度,C -> Gb|B -> D(上方),
音程距离速算,困难,零基础真实用户体验官,5,D -> Bb,"{""target"":""Bb"",""degree"":""6"",""semitones"":""8"",""quality"":""m6"",""feel"":""不完全协和""}",Bb 六度 8 小六度 不完全协和,true,correct,15,11,1,5,10,减五度,C -> Gb|B -> D(上方),
音程距离速算,困难,产品评审专家,1,B -> D#(上方),"{""target"":""D#"",""degree"":""3"",""semitones"":""4"",""quality"":""M3"",""feel"":""不完全协和""}",D# 三度 4 大三度 不完全协和,true,correct,16,12,2,5,10,减五度,C -> Gb|B -> D(上方),
音程距离速算,困难,产品评审专家,2,B -> D(上方),"{""target"":""Z"",""degree"":""9"",""semitones"":""99"",""quality"":""bad"",""feel"":""完全协和""}",D 三度 3 小三度 不完全协和,false,incorrect,17,12,0,5,10,小三度,B -> D(上方)|C -> Gb,
音程距离速算,困难,产品评审专家,3,F -> Cb,"{""target"":""Cb"",""degree"":""5"",""semitones"":""6"",""quality"":""d5"",""feel"":""不协和""}",Cb 五度 6 减五度 不协和,true,correct,18,13,1,5,10,小三度,B -> D(上方)|C -> Gb,
音程距离速算,困难,产品评审专家,4,F -> Db(上方),"{""target"":""Db"",""degree"":""6"",""semitones"":""8"",""quality"":""m6"",""feel"":""不完全协和""}",Db 六度 8 小六度 不完全协和,true,correct,19,14,2,5,10,小三度,B -> D(上方)|C -> Gb,
音程距离速算,困难,产品评审专家,5,B -> E#(上方),"{""target"":""E#"",""degree"":""4"",""semitones"":""6"",""quality"":""A4"",""feel"":""不协和""}",E# 四度 6 增四度 不协和,true,correct,20,15,3,5,10,小三度,B -> D(上方)|C -> Gb,
音程距离速算,综合,资深 QA 工程师,1,B 的 小三度,"{""target"":""D"",""degree"":""3"",""semitones"":""3"",""quality"":""m3"",""feel"":""不完全协和""}",D 三度 3 小三度 不完全协和,true,correct,1,1,1,1,1,暂无,,
音程距离速算,综合,资深 QA 工程师,2,D 的 八度,"{""target"":""Z"",""degree"":""9"",""semitones"":""99"",""quality"":""bad"",""feel"":""不协和""}",D 八度 12 八度 完全协和,false,incorrect,2,1,0,1,2,反向拼写,D 的 八度,
音程距离速算,综合,资深 QA 工程师,3,E 的 大七度,"{""target"":""D#"",""degree"":""7"",""semitones"":""11"",""quality"":""M7"",""feel"":""不协和""}",D# 七度 11 大七度 不协和,true,correct,3,2,1,1,3,反向拼写,D 的 八度,
音程距离速算,综合,资深 QA 工程师,4,A 的 纯四度,"{""target"":""D"",""degree"":""4"",""semitones"":""5"",""quality"":""P4"",""feel"":""完全协和""}",D 四度 5 纯四度 完全协和,true,correct,4,3,2,2,4,反向拼写,D 的 八度,
音程距离速算,综合,资深 QA 工程师,5,E 的 减五度,"{""target"":""Z"",""degree"":""9"",""semitones"":""99"",""quality"":""bad"",""feel"":""完全协和""}",Bb 五度 6 减五度 不协和,false,incorrect,5,3,0,2,5,反向拼写,E 的 减五度|D 的 八度,
音程距离速算,综合,吉他乐理老师,1,A 的 大二度,"{""target"":""B"",""degree"":""2"",""semitones"":""2"",""quality"":""M2"",""feel"":""不协和""}",B 二度 2 大二度 不协和,true,correct,6,4,1,2,6,反向拼写,E 的 减五度|D 的 八度,
音程距离速算,综合,吉他乐理老师,2,E 的 小二度,"{""target"":""F"",""degree"":""2"",""semitones"":""1"",""quality"":""m2"",""feel"":""不协和""}",F 二度 1 小二度 不协和,true,correct,7,5,2,2,7,反向拼写,E 的 减五度|D 的 八度,
音程距离速算,综合,吉他乐理老师,3,D 的 八度,"{""target"":""D"",""degree"":""8"",""semitones"":""12"",""quality"":""P8"",""feel"":""完全协和""}",D 八度 12 八度 完全协和,true,correct,8,6,3,3,8,反向拼写,E 的 减五度,
音程距离速算,综合,吉他乐理老师,4,A 的 减五度,"{""target"":""Eb"",""degree"":""5"",""semitones"":""6"",""quality"":""d5"",""feel"":""不协和""}",Eb 五度 6 减五度 不协和,true,correct,9,7,4,4,9,反向拼写,E 的 减五度,
音程距离速算,综合,吉他乐理老师,5,A 的 小二度,"{""target"":""Bb"",""degree"":""2"",""semitones"":""1"",""quality"":""m2"",""feel"":""不协和""}",Bb 二度 1 小二度 不协和,true,correct,10,8,5,5,10,反向拼写,E 的 减五度,
音程距离速算,综合,零基础真实用户体验官,1,E 的 减五度,"{""target"":""Z"",""degree"":""9"",""semitones"":""99"",""quality"":""bad"",""feel"":""完全协和""}",Bb 五度 6 减五度 不协和,false,incorrect,11,8,0,5,10,反向拼写,E 的 减五度,
音程距离速算,综合,零基础真实用户体验官,2,A 的 小六度,"{""target"":""F"",""degree"":""6"",""semitones"":""8"",""quality"":""m6"",""feel"":""不完全协和""}",F 六度 8 小六度 不完全协和,true,correct,12,9,1,5,10,反向拼写,E 的 减五度,
音程距离速算,综合,零基础真实用户体验官,3,G 的 大六度,"{""target"":""E"",""degree"":""6"",""semitones"":""9"",""quality"":""M6"",""feel"":""不完全协和""}",E 六度 9 大六度 不完全协和,true,correct,13,10,2,5,10,反向拼写,E 的 减五度,
音程距离速算,综合,零基础真实用户体验官,4,G 的 纯四度,"{""target"":""Z"",""degree"":""9"",""semitones"":""99"",""quality"":""bad"",""feel"":""不协和""}",C 四度 5 纯四度 完全协和,false,incorrect,14,10,0,5,10,反向拼写,G 的 纯四度|E 的 减五度,
音程距离速算,综合,零基础真实用户体验官,5,F 的 小二度,"{""target"":""Gb"",""degree"":""2"",""semitones"":""1"",""quality"":""m2"",""feel"":""不协和""}",Gb 二度 1 小二度 不协和,true,correct,15,11,1,5,10,反向拼写,G 的 纯四度|E 的 减五度,
音程距离速算,综合,产品评审专家,1,E 的 纯四度,"{""target"":""A"",""degree"":""4"",""semitones"":""5"",""quality"":""P4"",""feel"":""完全协和""}",A 四度 5 纯四度 完全协和,true,correct,16,12,2,5,10,反向拼写,G 的 纯四度|E 的 减五度,
音程距离速算,综合,产品评审专家,2,E 的 减五度,"{""target"":""Z"",""degree"":""9"",""semitones"":""99"",""quality"":""bad"",""feel"":""完全协和""}",Bb 五度 6 减五度 不协和,false,incorrect,17,12,0,5,10,反向拼写,E 的 减五度|G 的 纯四度,
音程距离速算,综合,产品评审专家,3,G 的 纯一度,"{""target"":""G"",""degree"":""1"",""semitones"":""0"",""quality"":""P1"",""feel"":""完全协和""}",G 一度 0 纯一度 完全协和,true,correct,18,13,1,5,10,反向拼写,E 的 减五度|G 的 纯四度,
音程距离速算,综合,产品评审专家,4,A 的 八度,"{""target"":""A"",""degree"":""8"",""semitones"":""12"",""quality"":""P8"",""feel"":""完全协和""}",A 八度 12 八度 完全协和,true,correct,19,14,2,5,10,反向拼写,E 的 减五度|G 的 纯四度,
音程距离速算,综合,产品评审专家,5,G 的 纯四度,"{""target"":""C"",""degree"":""4"",""semitones"":""5"",""quality"":""P4"",""feel"":""完全协和""}",C 四度 5 纯四度 完全协和,true,correct,20,15,3,5,10,反向拼写,E 的 减五度,
和弦音构成速算,简单,资深 QA 工程师,1,B,B D F / B D# F#,B D F / B D# F#,true,correct,1,1,1,1,1,暂无,,
和弦音构成速算,简单,资深 QA 工程师,2,E,Z Z Z / Z,E G B / E G# B,false,incorrect,2,1,0,1,2,maj,E,
和弦音构成速算,简单,资深 QA 工程师,3,G,G B D / G B D,G B D / G B D,true,correct,3,2,1,1,3,maj,E,
和弦音构成速算,简单,资深 QA 工程师,4,Edim,E G B / E G Bb,E G B / E G Bb,true,correct,4,3,2,2,4,maj,E,
和弦音构成速算,简单,资深 QA 工程师,5,Em,Z Z Z / Z,E G B / E G B,false,incorrect,5,3,0,2,5,maj,Em|E,
和弦音构成速算,简单,吉他乐理老师,1,Aaug,A C E / A C# E#,A C E / A C# E#,true,correct,6,4,1,2,6,maj,Em|E,
和弦音构成速算,简单,吉他乐理老师,2,Fdim,F A C / F Ab Cb,F A C / F Ab Cb,true,correct,7,5,2,2,7,maj,Em|E,
和弦音构成速算,简单,吉他乐理老师,3,E,E G B / E G# B,E G B / E G# B,true,correct,8,6,3,3,8,maj,Em,
和弦音构成速算,简单,吉他乐理老师,4,Fm,F A C / F Ab C,F A C / F Ab C,true,correct,9,7,4,4,9,maj,Em,
和弦音构成速算,简单,吉他乐理老师,5,Bdim,B D F / B D F,B D F / B D F,true,correct,10,8,5,5,10,maj,Em,
和弦音构成速算,简单,零基础真实用户体验官,1,D,Z Z Z / Z,D F A / D F# A,false,incorrect,11,8,0,5,10,maj,D|Em,
和弦音构成速算,简单,零基础真实用户体验官,2,Em,E G B / E G B,E G B / E G B,true,correct,12,9,1,5,10,maj,D,
和弦音构成速算,简单,零基础真实用户体验官,3,A,A C E / A C# E,A C E / A C# E,true,correct,13,10,2,5,10,maj,D,
和弦音构成速算,简单,零基础真实用户体验官,4,Cdim,Z Z Z / Z,C E G / C Eb Gb,false,incorrect,14,10,0,5,10,maj,Cdim|D,
和弦音构成速算,简单,零基础真实用户体验官,5,Gdim,G B D / G Bb Db,G B D / G Bb Db,true,correct,15,11,1,5,10,maj,Cdim|D,
和弦音构成速算,简单,产品评审专家,1,Faug,F A C / F A C#,F A C / F A C#,true,correct,16,12,2,5,10,maj,Cdim|D,
和弦音构成速算,简单,产品评审专家,2,D,Z Z Z / Z,D F A / D F# A,false,incorrect,17,12,0,5,10,maj,D|Cdim,
和弦音构成速算,简单,产品评审专家,3,Gaug,G B D / G B D#,G B D / G B D#,true,correct,18,13,1,5,10,maj,D|Cdim,
和弦音构成速算,简单,产品评审专家,4,Em,E G B / E G B,E G B / E G B,true,correct,19,14,2,5,10,maj,D|Cdim,
和弦音构成速算,简单,产品评审专家,5,Cdim,C E G / C Eb Gb,C E G / C Eb Gb,true,correct,20,15,3,5,10,maj,D,
和弦音构成速算,中等,资深 QA 工程师,1,Gm7b5,G B D F / G Bb Db F,G B D F / G Bb Db F,true,correct,1,1,1,1,1,暂无,,
和弦音构成速算,中等,资深 QA 工程师,2,E7,Z Z Z / Z,E G B D / E G# B D,false,incorrect,2,1,0,1,2,7,E7,
和弦音构成速算,中等,资深 QA 工程师,3,A7,A C E G / A C# E G,A C E G / A C# E G,true,correct,3,2,1,1,3,7,E7,
和弦音构成速算,中等,资深 QA 工程师,4,Gmaj7,G B D F / G B D F#,G B D F / G B D F#,true,correct,4,3,2,2,4,7,E7,
和弦音构成速算,中等,资深 QA 工程师,5,Bm7,Z Z Z / Z,B D F A / B D F# A,false,incorrect,5,3,0,2,5,7,Bm7|E7,
和弦音构成速算,中等,吉他乐理老师,1,Gm7,G B D F / G Bb D F,G B D F / G Bb D F,true,correct,6,4,1,2,6,7,Bm7|E7,
和弦音构成速算,中等,吉他乐理老师,2,Am7b5,A C E G / A C Eb G,A C E G / A C Eb G,true,correct,7,5,2,2,7,7,Bm7|E7,
和弦音构成速算,中等,吉他乐理老师,3,E7,E G B D / E G# B D,E G B D / E G# B D,true,correct,8,6,3,3,8,7,Bm7,
和弦音构成速算,中等,吉他乐理老师,4,A7,A C E G / A C# E G,A C E G / A C# E G,true,correct,9,7,4,4,9,7,Bm7,
和弦音构成速算,中等,吉他乐理老师,5,Am7,A C E G / A C E G,A C E G / A C E G,true,correct,10,8,5,5,10,7,Bm7,
和弦音构成速算,中等,零基础真实用户体验官,1,Bm7,Z Z Z / Z,B D F A / B D F# A,false,incorrect,11,8,0,5,10,m7,Bm7,
和弦音构成速算,中等,零基础真实用户体验官,2,Em7b5,E G B D / E G Bb D,E G B D / E G Bb D,true,correct,12,9,1,5,10,m7,Bm7,
和弦音构成速算,中等,零基础真实用户体验官,3,Dm7b5,D F A C / D F Ab C,D F A C / D F Ab C,true,correct,13,10,2,5,10,m7,Bm7,
和弦音构成速算,中等,零基础真实用户体验官,4,E7,Z Z Z / Z,E G B D / E G# B D,false,incorrect,14,10,0,5,10,7,E7|Bm7,
和弦音构成速算,中等,零基础真实用户体验官,5,Dmaj7,D F A C / D F# A C#,D F A C / D F# A C#,true,correct,15,11,1,5,10,7,E7|Bm7,
和弦音构成速算,中等,产品评审专家,1,Bmaj7,B D F A / B D# F# A#,B D F A / B D# F# A#,true,correct,16,12,2,5,10,7,E7|Bm7,
和弦音构成速算,中等,产品评审专家,2,Gmaj7,Z Z Z / Z,G B D F / G B D F#,false,incorrect,17,12,0,5,10,7,Gmaj7|E7|Bm7,
和弦音构成速算,中等,产品评审专家,3,Bm7,B D F A / B D F# A,B D F A / B D F# A,true,correct,18,13,1,5,10,7,Gmaj7|E7,
和弦音构成速算,中等,产品评审专家,4,A7,A C E G / A C# E G,A C E G / A C# E G,true,correct,19,14,2,5,10,7,Gmaj7|E7,
和弦音构成速算,中等,产品评审专家,5,E7,E G B D / E G# B D,E G B D / E G# B D,true,correct,20,15,3,5,10,7,Gmaj7,
和弦音构成速算,困难,资深 QA 工程师,1,Em9,E G B D F / E G B D F#,E G B D F / E G B D F#,true,correct,1,1,1,1,1,暂无,,
和弦音构成速算,困难,资深 QA 工程师,2,Cmaj9,Z Z Z / Z,C E G B D / C E G B D,false,incorrect,2,1,0,1,2,maj9,Cmaj9,
和弦音构成速算,困难,资深 QA 工程师,3,Bm9,B D F A C / B D F# A C#,B D F A C / B D F# A C#,true,correct,3,2,1,1,3,maj9,Cmaj9,
和弦音构成速算,困难,资深 QA 工程师,4,Gmaj9,G B D F A / G B D F# A,G B D F A / G B D F# A,true,correct,4,3,2,2,4,maj9,Cmaj9,
和弦音构成速算,困难,资深 QA 工程师,5,F9,Z Z Z / Z,F A C E G / F A C Eb G,false,incorrect,5,3,0,2,5,9,F9|Cmaj9,
和弦音构成速算,困难,吉他乐理老师,1,Am9,A C E G B / A C E G B,A C E G B / A C E G B,true,correct,6,4,1,2,6,9,F9|Cmaj9,
和弦音构成速算,困难,吉他乐理老师,2,Dmaj9,D F A C E / D F# A C# E,D F A C E / D F# A C# E,true,correct,7,5,2,2,7,9,F9|Cmaj9,
和弦音构成速算,困难,吉他乐理老师,3,B9,B D F A C / B D# F# A C#,B D F A C / B D# F# A C#,true,correct,8,6,3,3,8,9,F9|Cmaj9,
和弦音构成速算,困难,吉他乐理老师,4,Fmaj9,F A C E G / F A C E G,F A C E G / F A C E G,true,correct,9,7,4,4,9,9,F9|Cmaj9,
和弦音构成速算,困难,吉他乐理老师,5,Bm9,B D F A C / B D F# A C#,B D F A C / B D F# A C#,true,correct,10,8,5,5,10,9,F9|Cmaj9,
和弦音构成速算,困难,零基础真实用户体验官,1,F9,Z Z Z / Z,F A C E G / F A C Eb G,false,incorrect,11,8,0,5,10,9,F9|Cmaj9,
和弦音构成速算,困难,零基础真实用户体验官,2,Cmaj9,C E G B D / C E G B D,C E G B D / C E G B D,true,correct,12,9,1,5,10,9,F9,
和弦音构成速算,困难,零基础真实用户体验官,3,G9,G B D F A / G B D F A,G B D F A / G B D F A,true,correct,13,10,2,5,10,9,F9,
和弦音构成速算,困难,零基础真实用户体验官,4,Bmaj9,Z Z Z / Z,B D F A C / B D# F# A# C#,false,incorrect,14,10,0,5,10,9,Bmaj9|F9,
和弦音构成速算,困难,零基础真实用户体验官,5,Emaj9,E G B D F / E G# B D# F#,E G B D F / E G# B D# F#,true,correct,15,11,1,5,10,9,Bmaj9|F9,
和弦音构成速算,困难,产品评审专家,1,B9,B D F A C / B D# F# A C#,B D F A C / B D# F# A C#,true,correct,16,12,2,5,10,9,Bmaj9|F9,
和弦音构成速算,困难,产品评审专家,2,Gmaj9,Z Z Z / Z,G B D F A / G B D F# A,false,incorrect,17,12,0,5,10,maj9,Gmaj9|Bmaj9|F9,
和弦音构成速算,困难,产品评审专家,3,F9,F A C E G / F A C Eb G,F A C E G / F A C Eb G,true,correct,18,13,1,5,10,maj9,Gmaj9|Bmaj9,
和弦音构成速算,困难,产品评审专家,4,Amaj9,A C E G B / A C# E G# B,A C E G B / A C# E G# B,true,correct,19,14,2,5,10,maj9,Gmaj9|Bmaj9,
和弦音构成速算,困难,产品评审专家,5,Bmaj9,B D F A C / B D# F# A# C#,B D F A C / B D# F# A# C#,true,correct,20,15,3,5,10,maj9,Gmaj9,
和弦音构成速算,综合,资深 QA 工程师,1,F#m9,F A C E G / F# A C# E G#,F A C E G / F# A C# E G#,true,correct,1,1,1,1,1,暂无,,
和弦音构成速算,综合,资深 QA 工程师,2,Cm9,Z Z Z / Z,C E G B D / C Eb G Bb D,false,incorrect,2,1,0,1,2,m9,Cm9,
和弦音构成速算,综合,资深 QA 工程师,3,Dbm9,D F A C E / Db Fb Ab Cb Eb,D F A C E / Db Fb Ab Cb Eb,true,correct,3,2,1,1,3,m9,Cm9,
和弦音构成速算,综合,资深 QA 工程师,4,G#9,G B D F A / G# B# D# F# A#,G B D F A / G# B# D# F# A#,true,correct,4,3,2,2,4,m9,Cm9,
和弦音构成速算,综合,资深 QA 工程师,5,A#maj9,Z Z Z / Z,A C E G B / A# C## E# G## B#,false,incorrect,5,3,0,2,5,m9,A#maj9|Cm9,
和弦音构成速算,综合,吉他乐理老师,1,Amaj9,A C E G B / A C# E G# B,A C E G B / A C# E G# B,true,correct,6,4,1,2,6,m9,A#maj9|Cm9,
和弦音构成速算,综合,吉他乐理老师,2,E9,E G B D F / E G# B D F#,E G B D F / E G# B D F#,true,correct,7,5,2,2,7,m9,A#maj9|Cm9,
和弦音构成速算,综合,吉他乐理老师,3,Cm9,C E G B D / C Eb G Bb D,C E G B D / C Eb G Bb D,true,correct,8,6,3,3,8,m9,A#maj9,
和弦音构成速算,综合,吉他乐理老师,4,Eb9,E G B D F / Eb G Bb Db F,E G B D F / Eb G Bb Db F,true,correct,9,7,4,4,9,m9,A#maj9,
和弦音构成速算,综合,吉他乐理老师,5,D#9,D F A C E / D# F## A# C# E#,D F A C E / D# F## A# C# E#,true,correct,10,8,5,5,10,m9,A#maj9,
和弦音构成速算,综合,零基础真实用户体验官,1,A#m9,Z Z Z / Z,A C E G B / A# C# E# G# B#,false,incorrect,11,8,0,5,10,m9,A#m9|A#maj9,
和弦音构成速算,综合,零基础真实用户体验官,2,A#maj9,A C E G B / A# C## E# G## B#,A C E G B / A# C## E# G## B#,true,correct,12,9,1,5,10,m9,A#m9,
和弦音构成速算,综合,零基础真实用户体验官,3,Dmaj9,D F A C E / D F# A C# E,D F A C E / D F# A C# E,true,correct,13,10,2,5,10,m9,A#m9,
和弦音构成速算,综合,零基础真实用户体验官,4,Dbmaj9,Z Z Z / Z,D F A C E / Db F Ab C Eb,false,incorrect,14,10,0,5,10,m9,Dbmaj9|A#m9,
和弦音构成速算,综合,零基础真实用户体验官,5,Eb9,E G B D F / Eb G Bb Db F,E G B D F / Eb G Bb Db F,true,correct,15,11,1,5,10,m9,Dbmaj9|A#m9,
和弦音构成速算,综合,产品评审专家,1,Abmaj9,A C E G B / Ab C Eb G Bb,A C E G B / Ab C Eb G Bb,true,correct,16,12,2,5,10,m9,Dbmaj9|A#m9,
和弦音构成速算,综合,产品评审专家,2,Ebmaj9,Z Z Z / Z,E G B D F / Eb G Bb D F,false,incorrect,17,12,0,5,10,maj9,Ebmaj9|Dbmaj9|A#m9,
和弦音构成速算,综合,产品评审专家,3,Gbmaj9,G B D F A / Gb Bb Db F Ab,G B D F A / Gb Bb Db F Ab,true,correct,18,13,1,5,10,maj9,Ebmaj9|Dbmaj9|A#m9,
和弦音构成速算,综合,产品评审专家,4,A#m9,A C E G B / A# C# E# G# B#,A C E G B / A# C# E# G# B#,true,correct,19,14,2,5,10,maj9,Ebmaj9|Dbmaj9,
和弦音构成速算,综合,产品评审专家,5,Dbmaj9,D F A C E / Db F Ab C Eb,D F A C E / Db F Ab C Eb,true,correct,20,15,3,5,10,maj9,Ebmaj9,
指板根音定位,简单,资深 QA 工程师,1,G 在六弦,3,3,true,correct,1,1,1,1,1,暂无,,
指板根音定位,简单,资深 QA 工程师,2,C 在六弦,wrong,8,false,incorrect,2,1,0,1,2,六弦根音,C 在六弦,
指板根音定位,简单,资深 QA 工程师,3,B 在六弦,7,7,true,correct,3,2,1,1,3,六弦根音,C 在六弦,
指板根音定位,简单,资深 QA 工程师,4,E 在五弦,7,7,true,correct,4,3,2,2,4,六弦根音,C 在六弦,
指板根音定位,简单,资深 QA 工程师,5,F 在六弦,wrong,1,false,incorrect,5,3,0,2,5,六弦根音,F 在六弦|C 在六弦,
指板根音定位,简单,吉他乐理老师,1,C 在五弦,3,3,true,correct,6,4,1,2,6,六弦根音,F 在六弦|C 在六弦,
指板根音定位,简单,吉他乐理老师,2,F 在五弦,8,8,true,correct,7,5,2,2,7,六弦根音,F 在六弦|C 在六弦,
指板根音定位,简单,吉他乐理老师,3,C 在六弦,8,8,true,correct,8,6,3,3,8,六弦根音,F 在六弦,
指板根音定位,简单,吉他乐理老师,4,A 在六弦,5,5,true,correct,9,7,4,4,9,六弦根音,F 在六弦,
指板根音定位,简单,吉他乐理老师,5,D 在五弦,5,5,true,correct,10,8,5,5,10,六弦根音,F 在六弦,
指板根音定位,简单,零基础真实用户体验官,1,F 在六弦,wrong,1,false,incorrect,11,8,0,5,10,六弦根音,F 在六弦,
指板根音定位,简单,零基础真实用户体验官,2,G 在五弦,10,10,true,correct,12,9,1,5,10,六弦根音,F 在六弦,
指板根音定位,简单,零基础真实用户体验官,3,C 在五弦,3,3,true,correct,13,10,2,5,10,六弦根音,F 在六弦,
指板根音定位,简单,零基础真实用户体验官,4,E 在五弦,wrong,7,false,incorrect,14,10,0,5,10,六弦根音,E 在五弦|F 在六弦,
指板根音定位,简单,零基础真实用户体验官,5,A 在六弦,5,5,true,correct,15,11,1,5,10,六弦根音,E 在五弦|F 在六弦,
指板根音定位,简单,产品评审专家,1,B 在六弦,7,7,true,correct,16,12,2,5,10,六弦根音,E 在五弦|F 在六弦,
指板根音定位,简单,产品评审专家,2,F 在六弦,wrong,1,false,incorrect,17,12,0,5,10,六弦根音,F 在六弦|E 在五弦,
指板根音定位,简单,产品评审专家,3,C 在六弦,8,8,true,correct,18,13,1,5,10,六弦根音,F 在六弦|E 在五弦,
指板根音定位,简单,产品评审专家,4,G 在五弦,10,10,true,correct,19,14,2,5,10,六弦根音,F 在六弦|E 在五弦,
指板根音定位,简单,产品评审专家,5,D 在五弦,5,5,true,correct,20,15,3,5,10,六弦根音,F 在六弦|E 在五弦,
指板根音定位,中等,资深 QA 工程师,1,Ab 在六弦,4,4,true,correct,1,1,1,1,1,暂无,,
指板根音定位,中等,资深 QA 工程师,2,Bb 在五弦,wrong,1,false,incorrect,2,1,0,1,2,降号根音,Bb 在五弦,
指板根音定位,中等,资深 QA 工程师,3,Eb 在五弦,6,6,true,correct,3,2,1,1,3,降号根音,Bb 在五弦,
指板根音定位,中等,资深 QA 工程师,4,Bb 在五弦,1,1,true,correct,4,3,2,2,4,降号根音,,
指板根音定位,中等,资深 QA 工程师,5,Ab 在六弦,wrong,4,false,incorrect,5,3,0,2,5,降号根音,Ab 在六弦,
指板根音定位,中等,吉他乐理老师,1,Bb 在五弦,1,1,true,correct,6,4,1,2,6,降号根音,Ab 在六弦,
指板根音定位,中等,吉他乐理老师,2,Ab 在六弦,4,4,true,correct,7,5,2,2,7,降号根音,,
指板根音定位,中等,吉他乐理老师,3,Eb 在五弦,6,6,true,correct,8,6,3,3,8,降号根音,,
指板根音定位,中等,吉他乐理老师,4,Bb 在五弦,1,1,true,correct,9,7,4,4,9,降号根音,,
指板根音定位,中等,吉他乐理老师,5,Ab 在六弦,4,4,true,correct,10,8,5,5,10,降号根音,,
指板根音定位,中等,零基础真实用户体验官,1,Bb 在五弦,wrong,1,false,incorrect,11,8,0,5,10,降号根音,Bb 在五弦,
指板根音定位,中等,零基础真实用户体验官,2,Ab 在六弦,4,4,true,correct,12,9,1,5,10,降号根音,Bb 在五弦,
指板根音定位,中等,零基础真实用户体验官,3,Eb 在五弦,6,6,true,correct,13,10,2,5,10,降号根音,Bb 在五弦,
指板根音定位,中等,零基础真实用户体验官,4,Bb 在五弦,wrong,1,false,incorrect,14,10,0,5,10,降号根音,Bb 在五弦,
指板根音定位,中等,零基础真实用户体验官,5,Ab 在六弦,4,4,true,correct,15,11,1,5,10,降号根音,Bb 在五弦,
指板根音定位,中等,产品评审专家,1,Bb 在五弦,1,1,true,correct,16,12,2,5,10,降号根音,,
指板根音定位,中等,产品评审专家,2,Ab 在六弦,wrong,4,false,incorrect,17,12,0,5,10,降号根音,Ab 在六弦,
指板根音定位,中等,产品评审专家,3,Bb 在五弦,1,1,true,correct,18,13,1,5,10,降号根音,Ab 在六弦,
指板根音定位,中等,产品评审专家,4,Eb 在五弦,6,6,true,correct,19,14,2,5,10,降号根音,Ab 在六弦,
指板根音定位,中等,产品评审专家,5,Ab 在六弦,4,4,true,correct,20,15,3,5,10,降号根音,,
指板根音定位,困难,资深 QA 工程师,1,6弦8品,C,C,true,correct,1,1,1,1,1,暂无,,
指板根音定位,困难,资深 QA 工程师,2,6弦4品,wrong,Ab,false,incorrect,2,1,0,1,2,反向定位,6弦4品,
指板根音定位,困难,资深 QA 工程师,3,5弦6品,Eb,Eb,true,correct,3,2,1,1,3,反向定位,6弦4品,
指板根音定位,困难,资深 QA 工程师,4,6弦4品,Ab,Ab,true,correct,4,3,2,2,4,反向定位,,
指板根音定位,困难,资深 QA 工程师,5,5弦6品,wrong,Eb,false,incorrect,5,3,0,2,5,反向定位,5弦6品,
指板根音定位,困难,吉他乐理老师,1,6弦8品,C,C,true,correct,6,4,1,2,6,反向定位,5弦6品,
指板根音定位,困难,吉他乐理老师,2,5弦6品,Eb,Eb,true,correct,7,5,2,2,7,反向定位,,
指板根音定位,困难,吉他乐理老师,3,6弦4品,Ab,Ab,true,correct,8,6,3,3,8,反向定位,,
指板根音定位,困难,吉他乐理老师,4,5弦6品,Eb,Eb,true,correct,9,7,4,4,9,反向定位,,
指板根音定位,困难,吉他乐理老师,5,6弦8品,C,C,true,correct,10,8,5,5,10,反向定位,,
指板根音定位,困难,零基础真实用户体验官,1,5弦6品,wrong,Eb,false,incorrect,11,8,0,5,10,反向定位,5弦6品,
指板根音定位,困难,零基础真实用户体验官,2,6弦8品,C,C,true,correct,12,9,1,5,10,反向定位,5弦6品,
指板根音定位,困难,零基础真实用户体验官,3,5弦6品,Eb,Eb,true,correct,13,10,2,5,10,反向定位,,
指板根音定位,困难,零基础真实用户体验官,4,6弦4品,wrong,Ab,false,incorrect,14,10,0,5,10,反向定位,6弦4品,
指板根音定位,困难,零基础真实用户体验官,5,6弦8品,C,C,true,correct,15,11,1,5,10,反向定位,6弦4品,
指板根音定位,困难,产品评审专家,1,6弦4品,Ab,Ab,true,correct,16,12,2,5,10,反向定位,,
指板根音定位,困难,产品评审专家,2,6弦8品,wrong,C,false,incorrect,17,12,0,5,10,反向定位,6弦8品,
指板根音定位,困难,产品评审专家,3,5弦6品,Eb,Eb,true,correct,18,13,1,5,10,反向定位,6弦8品,
指板根音定位,困难,产品评审专家,4,6弦8品,C,C,true,correct,19,14,2,5,10,反向定位,,
指板根音定位,困难,产品评审专家,5,6弦4品,Ab,Ab,true,correct,20,15,3,5,10,反向定位,,
指板根音定位,综合,资深 QA 工程师,1,G7 六弦系统,6-3 string6,6弦3品，拍6弦,true,correct,1,1,1,1,1,暂无,,
指板根音定位,综合,资深 QA 工程师,2,Dm9 五弦系统,wrong,5弦5品，拍5弦,false,incorrect,2,1,0,1,2,右手落点,Dm9 五弦系统,
指板根音定位,综合,资深 QA 工程师,3,Cmaj7 六弦系统,6-8 string6,6弦8品，拍6弦,true,correct,3,2,1,1,3,右手落点,Dm9 五弦系统,
指板根音定位,综合,资深 QA 工程师,4,Dm9 五弦系统,5-5 string5,5弦5品，拍5弦,true,correct,4,3,2,2,4,右手落点,,
指板根音定位,综合,资深 QA 工程师,5,Cmaj7 六弦系统,wrong,6弦8品，拍6弦,false,incorrect,5,3,0,2,5,右手落点,Cmaj7 六弦系统,
指板根音定位,综合,吉他乐理老师,1,G7 六弦系统,6-3 string6,6弦3品，拍6弦,true,correct,6,4,1,2,6,右手落点,Cmaj7 六弦系统,
指板根音定位,综合,吉他乐理老师,2,Cmaj7 六弦系统,6-8 string6,6弦8品，拍6弦,true,correct,7,5,2,2,7,右手落点,,
指板根音定位,综合,吉他乐理老师,3,Dm9 五弦系统,5-5 string5,5弦5品，拍5弦,true,correct,8,6,3,3,8,右手落点,,
指板根音定位,综合,吉他乐理老师,4,Cmaj7 六弦系统,6-8 string6,6弦8品，拍6弦,true,correct,9,7,4,4,9,右手落点,,
指板根音定位,综合,吉他乐理老师,5,Dm9 五弦系统,5-5 string5,5弦5品，拍5弦,true,correct,10,8,5,5,10,右手落点,,
指板根音定位,综合,零基础真实用户体验官,1,G7 六弦系统,wrong,6弦3品，拍6弦,false,incorrect,11,8,0,5,10,右手落点,G7 六弦系统,
指板根音定位,综合,零基础真实用户体验官,2,Cmaj7 六弦系统,6-8 string6,6弦8品，拍6弦,true,correct,12,9,1,5,10,右手落点,G7 六弦系统,
指板根音定位,综合,零基础真实用户体验官,3,G7 六弦系统,6-3 string6,6弦3品，拍6弦,true,correct,13,10,2,5,10,右手落点,,
指板根音定位,综合,零基础真实用户体验官,4,Dm9 五弦系统,wrong,5弦5品，拍5弦,false,incorrect,14,10,0,5,10,右手落点,Dm9 五弦系统,
指板根音定位,综合,零基础真实用户体验官,5,Cmaj7 六弦系统,6-8 string6,6弦8品，拍6弦,true,correct,15,11,1,5,10,右手落点,Dm9 五弦系统,
指板根音定位,综合,产品评审专家,1,Dm9 五弦系统,5-5 string5,5弦5品，拍5弦,true,correct,16,12,2,5,10,右手落点,,
指板根音定位,综合,产品评审专家,2,G7 六弦系统,wrong,6弦3品，拍6弦,false,incorrect,17,12,0,5,10,右手落点,G7 六弦系统,
指板根音定位,综合,产品评审专家,3,Dm9 五弦系统,5-5 string5,5弦5品，拍5弦,true,correct,18,13,1,5,10,右手落点,G7 六弦系统,
指板根音定位,综合,产品评审专家,4,G7 六弦系统,6-3 string6,6弦3品，拍6弦,true,correct,19,14,2,5,10,右手落点,,
指板根音定位,综合,产品评审专家,5,Dm9 五弦系统,5-5 string5,5弦5品，拍5弦,true,correct,20,15,3,5,10,右手落点,,
C大调顺阶和弦速算,简单,资深 QA 工程师,1,5级三和弦,G,G,true,correct,1,1,1,1,1,暂无,,
C大调顺阶和弦速算,简单,资深 QA 工程师,2,4级三和弦,wrong,F,false,incorrect,2,1,0,1,2,三和弦级数,4级三和弦,
C大调顺阶和弦速算,简单,资深 QA 工程师,3,3级三和弦,Em,Em,true,correct,3,2,1,1,3,三和弦级数,4级三和弦,
C大调顺阶和弦速算,简单,资深 QA 工程师,4,7级三和弦,Bdim,Bdim,true,correct,4,3,2,2,4,三和弦级数,4级三和弦,
C大调顺阶和弦速算,简单,资深 QA 工程师,5,2级三和弦,wrong,Dm,false,incorrect,5,3,0,2,5,三和弦级数,2级三和弦|4级三和弦,
C大调顺阶和弦速算,简单,吉他乐理老师,1,6级三和弦,Am,Am,true,correct,6,4,1,2,6,三和弦级数,2级三和弦|4级三和弦,
C大调顺阶和弦速算,简单,吉他乐理老师,2,5级三和弦,G,G,true,correct,7,5,2,2,7,三和弦级数,2级三和弦|4级三和弦,
C大调顺阶和弦速算,简单,吉他乐理老师,3,1级三和弦,C,C,true,correct,8,6,3,3,8,三和弦级数,2级三和弦|4级三和弦,
C大调顺阶和弦速算,简单,吉他乐理老师,4,4级三和弦,F,F,true,correct,9,7,4,4,9,三和弦级数,2级三和弦,
C大调顺阶和弦速算,简单,吉他乐理老师,5,3级三和弦,Em,Em,true,correct,10,8,5,5,10,三和弦级数,2级三和弦,
C大调顺阶和弦速算,简单,零基础真实用户体验官,1,2级三和弦,wrong,Dm,false,incorrect,11,8,0,5,10,三和弦级数,2级三和弦,
C大调顺阶和弦速算,简单,零基础真实用户体验官,2,7级三和弦,Bdim,Bdim,true,correct,12,9,1,5,10,三和弦级数,2级三和弦,
C大调顺阶和弦速算,简单,零基础真实用户体验官,3,5级三和弦,G,G,true,correct,13,10,2,5,10,三和弦级数,2级三和弦,
C大调顺阶和弦速算,简单,零基础真实用户体验官,4,1级三和弦,wrong,C,false,incorrect,14,10,0,5,10,三和弦级数,1级三和弦|2级三和弦,
C大调顺阶和弦速算,简单,零基础真实用户体验官,5,6级三和弦,Am,Am,true,correct,15,11,1,5,10,三和弦级数,1级三和弦|2级三和弦,
C大调顺阶和弦速算,简单,产品评审专家,1,3级三和弦,Em,Em,true,correct,16,12,2,5,10,三和弦级数,1级三和弦|2级三和弦,
C大调顺阶和弦速算,简单,产品评审专家,2,2级三和弦,wrong,Dm,false,incorrect,17,12,0,5,10,三和弦级数,2级三和弦|1级三和弦,
C大调顺阶和弦速算,简单,产品评审专家,3,7级三和弦,Bdim,Bdim,true,correct,18,13,1,5,10,三和弦级数,2级三和弦|1级三和弦,
C大调顺阶和弦速算,简单,产品评审专家,4,5级三和弦,G,G,true,correct,19,14,2,5,10,三和弦级数,2级三和弦|1级三和弦,
C大调顺阶和弦速算,简单,产品评审专家,5,1级三和弦,C,C,true,correct,20,15,3,5,10,三和弦级数,2级三和弦,
C大调顺阶和弦速算,中等,资深 QA 工程师,1,1级七和弦,Cmaj7,Cmaj7,true,correct,1,1,1,1,1,暂无,,
C大调顺阶和弦速算,中等,资深 QA 工程师,2,2级七和弦,wrong,Dm7,false,incorrect,2,1,0,1,2,七和弦级数,2级七和弦,
C大调顺阶和弦速算,中等,资深 QA 工程师,3,4级七和弦,Fmaj7,Fmaj7,true,correct,3,2,1,1,3,七和弦级数,2级七和弦,
C大调顺阶和弦速算,中等,资深 QA 工程师,4,3级七和弦,Em7,Em7,true,correct,4,3,2,2,4,七和弦级数,2级七和弦,
C大调顺阶和弦速算,中等,资深 QA 工程师,5,5级七和弦,wrong,G7,false,incorrect,5,3,0,2,5,七和弦级数,5级七和弦|2级七和弦,
C大调顺阶和弦速算,中等,吉他乐理老师,1,6级七和弦,Am7,Am7,true,correct,6,4,1,2,6,七和弦级数,5级七和弦|2级七和弦,
C大调顺阶和弦速算,中等,吉他乐理老师,2,1级七和弦,Cmaj7,Cmaj7,true,correct,7,5,2,2,7,七和弦级数,5级七和弦|2级七和弦,
C大调顺阶和弦速算,中等,吉他乐理老师,3,7级七和弦,Bm7b5,Bm7b5,true,correct,8,6,3,3,8,七和弦级数,5级七和弦|2级七和弦,
C大调顺阶和弦速算,中等,吉他乐理老师,4,2级七和弦,Dm7,Dm7,true,correct,9,7,4,4,9,七和弦级数,5级七和弦,
C大调顺阶和弦速算,中等,吉他乐理老师,5,4级七和弦,Fmaj7,Fmaj7,true,correct,10,8,5,5,10,七和弦级数,5级七和弦,
C大调顺阶和弦速算,中等,零基础真实用户体验官,1,5级七和弦,wrong,G7,false,incorrect,11,8,0,5,10,七和弦级数,5级七和弦,
C大调顺阶和弦速算,中等,零基础真实用户体验官,2,6级七和弦,Am7,Am7,true,correct,12,9,1,5,10,七和弦级数,5级七和弦,
C大调顺阶和弦速算,中等,零基础真实用户体验官,3,1级七和弦,Cmaj7,Cmaj7,true,correct,13,10,2,5,10,七和弦级数,5级七和弦,
C大调顺阶和弦速算,中等,零基础真实用户体验官,4,7级七和弦,wrong,Bm7b5,false,incorrect,14,10,0,5,10,七和弦级数,7级七和弦|5级七和弦,
C大调顺阶和弦速算,中等,零基础真实用户体验官,5,2级七和弦,Dm7,Dm7,true,correct,15,11,1,5,10,七和弦级数,7级七和弦|5级七和弦,
C大调顺阶和弦速算,中等,产品评审专家,1,4级七和弦,Fmaj7,Fmaj7,true,correct,16,12,2,5,10,七和弦级数,7级七和弦|5级七和弦,
C大调顺阶和弦速算,中等,产品评审专家,2,3级七和弦,wrong,Em7,false,incorrect,17,12,0,5,10,七和弦级数,3级七和弦|7级七和弦|5级七和弦,
C大调顺阶和弦速算,中等,产品评审专家,3,5级七和弦,G7,G7,true,correct,18,13,1,5,10,七和弦级数,3级七和弦|7级七和弦,
C大调顺阶和弦速算,中等,产品评审专家,4,1级七和弦,Cmaj7,Cmaj7,true,correct,19,14,2,5,10,七和弦级数,3级七和弦|7级七和弦,
C大调顺阶和弦速算,中等,产品评审专家,5,7级七和弦,Bm7b5,Bm7b5,true,correct,20,15,3,5,10,七和弦级数,3级七和弦,
C大调顺阶和弦速算,困难,资深 QA 工程师,1,G 级数,5,5级大三,true,correct,1,1,1,1,1,暂无,,
C大调顺阶和弦速算,困难,资深 QA 工程师,2,C 级数,wrong,1级大三,false,incorrect,2,1,0,1,2,反推级数,C 级数,
C大调顺阶和弦速算,困难,资深 QA 工程师,3,Dm 级数,2,2级小三,true,correct,3,2,1,1,3,反推级数,C 级数,
C大调顺阶和弦速算,困难,资深 QA 工程师,4,Cmaj7 级数,1,1级大七,true,correct,4,3,2,2,4,反推级数,C 级数,
C大调顺阶和弦速算,困难,资深 QA 工程师,5,F 级数,wrong,4级大三,false,incorrect,5,3,0,2,5,反推级数,F 级数|C 级数,
C大调顺阶和弦速算,困难,吉他乐理老师,1,Bm7b5 级数,7,7级半减七,true,correct,6,4,1,2,6,反推级数,F 级数|C 级数,
C大调顺阶和弦速算,困难,吉他乐理老师,2,Fmaj7 级数,4,4级大七,true,correct,7,5,2,2,7,反推级数,F 级数|C 级数,
C大调顺阶和弦速算,困难,吉他乐理老师,3,C 级数,1,1级大三,true,correct,8,6,3,3,8,反推级数,F 级数,
C大调顺阶和弦速算,困难,吉他乐理老师,4,Am7 级数,6,6级小七,true,correct,9,7,4,4,9,反推级数,F 级数,
C大调顺阶和弦速算,困难,吉他乐理老师,5,Em7 级数,3,3级小七,true,correct,10,8,5,5,10,反推级数,F 级数,
C大调顺阶和弦速算,困难,零基础真实用户体验官,1,F 级数,wrong,4级大三,false,incorrect,11,8,0,5,10,反推级数,F 级数,
C大调顺阶和弦速算,困难,零基础真实用户体验官,2,Em 级数,3,3级小三,true,correct,12,9,1,5,10,反推级数,F 级数,
C大调顺阶和弦速算,困难,零基础真实用户体验官,3,Dm 级数,2,2级小三,true,correct,13,10,2,5,10,反推级数,F 级数,
C大调顺阶和弦速算,困难,零基础真实用户体验官,4,G7 级数,wrong,5级属七,false,incorrect,14,10,0,5,10,反推级数,G7 级数|F 级数,
C大调顺阶和弦速算,困难,零基础真实用户体验官,5,Dm7 级数,2,2级小七,true,correct,15,11,1,5,10,反推级数,G7 级数|F 级数,
C大调顺阶和弦速算,困难,产品评审专家,1,Cmaj7 级数,1,1级大七,true,correct,16,12,2,5,10,反推级数,G7 级数|F 级数,
C大调顺阶和弦速算,困难,产品评审专家,2,F 级数,wrong,4级大三,false,incorrect,17,12,0,5,10,反推级数,F 级数|G7 级数,
C大调顺阶和弦速算,困难,产品评审专家,3,Em 级数,3,3级小三,true,correct,18,13,1,5,10,反推级数,F 级数|G7 级数,
C大调顺阶和弦速算,困难,产品评审专家,4,Dm 级数,2,2级小三,true,correct,19,14,2,5,10,反推级数,F 级数|G7 级数,
C大调顺阶和弦速算,困难,产品评审专家,5,Em7 级数,3,3级小七,true,correct,20,15,3,5,10,反推级数,F 级数|G7 级数,
C大调顺阶和弦速算,综合,资深 QA 工程师,1,G7-Cmaj7,V7 - Imaj7,V7 - Imaj7,true,correct,1,1,1,1,1,暂无,,
C大调顺阶和弦速算,综合,资深 QA 工程师,2,Bm7b5-E7-Am7,wrong,viiø7 - V7/vi - vi7,false,incorrect,2,1,0,1,2,副属和弦,Bm7b5-E7-Am7,
C大调顺阶和弦速算,综合,资深 QA 工程师,3,Dm7-G7-Cmaj7,ii7 - V7 - Imaj7,ii7 - V7 - Imaj7,true,correct,3,2,1,1,3,副属和弦,Bm7b5-E7-Am7,
C大调顺阶和弦速算,综合,资深 QA 工程师,4,Bm7b5-E7-Am7,viio7 V7 vi vi7,viiø7 - V7/vi - vi7,true,correct,4,3,2,2,4,副属和弦,,
C大调顺阶和弦速算,综合,资深 QA 工程师,5,G7-Cmaj7,wrong,V7 - Imaj7,false,incorrect,5,3,0,2,5,副属和弦,G7-Cmaj7,
C大调顺阶和弦速算,综合,吉他乐理老师,1,Dm7-G7-Cmaj7,ii7 - V7 - Imaj7,ii7 - V7 - Imaj7,true,correct,6,4,1,2,6,副属和弦,G7-Cmaj7,
C大调顺阶和弦速算,综合,吉他乐理老师,2,G7-Cmaj7,V7 - Imaj7,V7 - Imaj7,true,correct,7,5,2,2,7,副属和弦,,
C大调顺阶和弦速算,综合,吉他乐理老师,3,Bm7b5-E7-Am7,viio7 V7 vi vi7,viiø7 - V7/vi - vi7,true,correct,8,6,3,3,8,副属和弦,,
C大调顺阶和弦速算,综合,吉他乐理老师,4,Dm7-G7-Cmaj7,ii7 - V7 - Imaj7,ii7 - V7 - Imaj7,true,correct,9,7,4,4,9,副属和弦,,
C大调顺阶和弦速算,综合,吉他乐理老师,5,Bm7b5-E7-Am7,viio7 V7 vi vi7,viiø7 - V7/vi - vi7,true,correct,10,8,5,5,10,副属和弦,,
C大调顺阶和弦速算,综合,零基础真实用户体验官,1,Dm7-G7-Cmaj7,wrong,ii7 - V7 - Imaj7,false,incorrect,11,8,0,5,10,副属和弦,Dm7-G7-Cmaj7,
C大调顺阶和弦速算,综合,零基础真实用户体验官,2,G7-Cmaj7,V7 - Imaj7,V7 - Imaj7,true,correct,12,9,1,5,10,副属和弦,Dm7-G7-Cmaj7,
C大调顺阶和弦速算,综合,零基础真实用户体验官,3,Dm7-G7-Cmaj7,ii7 - V7 - Imaj7,ii7 - V7 - Imaj7,true,correct,13,10,2,5,10,副属和弦,,
C大调顺阶和弦速算,综合,零基础真实用户体验官,4,G7-Cmaj7,wrong,V7 - Imaj7,false,incorrect,14,10,0,5,10,属到主解决,G7-Cmaj7,
C大调顺阶和弦速算,综合,零基础真实用户体验官,5,Bm7b5-E7-Am7,viio7 V7 vi vi7,viiø7 - V7/vi - vi7,true,correct,15,11,1,5,10,属到主解决,G7-Cmaj7,
C大调顺阶和弦速算,综合,产品评审专家,1,Dm7-G7-Cmaj7,ii7 - V7 - Imaj7,ii7 - V7 - Imaj7,true,correct,16,12,2,5,10,属到主解决,G7-Cmaj7,
C大调顺阶和弦速算,综合,产品评审专家,2,G7-Cmaj7,wrong,V7 - Imaj7,false,incorrect,17,12,0,5,10,属到主解决,G7-Cmaj7,
C大调顺阶和弦速算,综合,产品评审专家,3,Dm7-G7-Cmaj7,ii7 - V7 - Imaj7,ii7 - V7 - Imaj7,true,correct,18,13,1,5,10,属到主解决,G7-Cmaj7,
C大调顺阶和弦速算,综合,产品评审专家,4,G7-Cmaj7,V7 - Imaj7,V7 - Imaj7,true,correct,19,14,2,5,10,属到主解决,,
C大调顺阶和弦速算,综合,产品评审专家,5,Bm7b5-E7-Am7,viio7 V7 vi vi7,viiø7 - V7/vi - vi7,true,correct,20,15,3,5,10,属到主解决,,
和弦标记识别,简单,资深 QA 工程师,1,Caug,增三和弦,增三和弦,true,correct,1,1,1,1,1,暂无,,
和弦标记识别,简单,资深 QA 工程师,2,Cdim,大三和弦,减三和弦,false,incorrect,2,1,0,1,2,三和弦标记,Cdim,
和弦标记识别,简单,资深 QA 工程师,3,Cm,小三和弦,小三和弦,true,correct,3,2,1,1,3,三和弦标记,Cdim,
和弦标记识别,简单,资深 QA 工程师,4,C,大三和弦,大三和弦,true,correct,4,3,2,2,4,三和弦标记,Cdim,
和弦标记识别,简单,资深 QA 工程师,5,Cdim,大三和弦,减三和弦,false,incorrect,5,3,0,2,5,三和弦标记,Cdim,
和弦标记识别,简单,吉他乐理老师,1,C,大三和弦,大三和弦,true,correct,6,4,1,2,6,三和弦标记,Cdim,
和弦标记识别,简单,吉他乐理老师,2,Cdim,减三和弦,减三和弦,true,correct,7,5,2,2,7,三和弦标记,,
和弦标记识别,简单,吉他乐理老师,3,Caug,增三和弦,增三和弦,true,correct,8,6,3,3,8,三和弦标记,,
和弦标记识别,简单,吉他乐理老师,4,Cm,小三和弦,小三和弦,true,correct,9,7,4,4,9,三和弦标记,,
和弦标记识别,简单,吉他乐理老师,5,Cdim,减三和弦,减三和弦,true,correct,10,8,5,5,10,三和弦标记,,
和弦标记识别,简单,零基础真实用户体验官,1,Caug,大三和弦,增三和弦,false,incorrect,11,8,0,5,10,三和弦标记,Caug,
和弦标记识别,简单,零基础真实用户体验官,2,Cdim,减三和弦,减三和弦,true,correct,12,9,1,5,10,三和弦标记,Caug,
和弦标记识别,简单,零基础真实用户体验官,3,Caug,增三和弦,增三和弦,true,correct,13,10,2,5,10,三和弦标记,,
和弦标记识别,简单,零基础真实用户体验官,4,Cm,大三和弦,小三和弦,false,incorrect,14,10,0,5,10,三和弦标记,Cm,
和弦标记识别,简单,零基础真实用户体验官,5,Caug,增三和弦,增三和弦,true,correct,15,11,1,5,10,三和弦标记,Cm,
和弦标记识别,简单,产品评审专家,1,Cm,小三和弦,小三和弦,true,correct,16,12,2,5,10,三和弦标记,,
和弦标记识别,简单,产品评审专家,2,Caug,大三和弦,增三和弦,false,incorrect,17,12,0,5,10,三和弦标记,Caug,
和弦标记识别,简单,产品评审专家,3,C,大三和弦,大三和弦,true,correct,18,13,1,5,10,三和弦标记,Caug,
和弦标记识别,简单,产品评审专家,4,Caug,增三和弦,增三和弦,true,correct,19,14,2,5,10,三和弦标记,,
和弦标记识别,简单,产品评审专家,5,C,大三和弦,大三和弦,true,correct,20,15,3,5,10,三和弦标记,,
和弦标记识别,中等,资深 QA 工程师,1,C7,属七,属七,true,correct,1,1,1,1,1,暂无,,
和弦标记识别,中等,资深 QA 工程师,2,Cø7,大七,半减七,false,incorrect,2,1,0,1,2,七和弦标记,Cø7,
和弦标记识别,中等,资深 QA 工程师,3,Cm7,小七,小七,true,correct,3,2,1,1,3,七和弦标记,Cø7,
和弦标记识别,中等,资深 QA 工程师,4,Cmaj7,大七,大七,true,correct,4,3,2,2,4,七和弦标记,Cø7,
和弦标记识别,中等,资深 QA 工程师,5,Cdim7,是,不是,false,incorrect,5,3,0,2,5,七和弦标记,Cdim7|Cø7,
和弦标记识别,中等,吉他乐理老师,1,Cø7,半减七,半减七,true,correct,6,4,1,2,6,七和弦标记,Cdim7,
和弦标记识别,中等,吉他乐理老师,2,Cdim7,不是,不是,true,correct,7,5,2,2,7,七和弦标记,,
和弦标记识别,中等,吉他乐理老师,3,Cm7,小七,小七,true,correct,8,6,3,3,8,七和弦标记,,
和弦标记识别,中等,吉他乐理老师,4,Cdim7,不是,不是,true,correct,9,7,4,4,9,七和弦标记,,
和弦标记识别,中等,吉他乐理老师,5,Cm7,小七,小七,true,correct,10,8,5,5,10,七和弦标记,,
和弦标记识别,中等,零基础真实用户体验官,1,C7,大七,属七,false,incorrect,11,8,0,5,10,七和弦标记,C7,
和弦标记识别,中等,零基础真实用户体验官,2,Cmaj7,大七,大七,true,correct,12,9,1,5,10,七和弦标记,C7,
和弦标记识别,中等,零基础真实用户体验官,3,C7,属七,属七,true,correct,13,10,2,5,10,七和弦标记,,
和弦标记识别,中等,零基础真实用户体验官,4,Cm7,大七,小七,false,incorrect,14,10,0,5,10,七和弦标记,Cm7,
和弦标记识别,中等,零基础真实用户体验官,5,Cmaj7,大七,大七,true,correct,15,11,1,5,10,七和弦标记,Cm7,
和弦标记识别,中等,产品评审专家,1,Cm7,小七,小七,true,correct,16,12,2,5,10,七和弦标记,,
和弦标记识别,中等,产品评审专家,2,Cø7,大七,半减七,false,incorrect,17,12,0,5,10,七和弦标记,Cø7,
和弦标记识别,中等,产品评审专家,3,Cdim7,不是,不是,true,correct,18,13,1,5,10,七和弦标记,Cø7,
和弦标记识别,中等,产品评审专家,4,Cø7,半减七,半减七,true,correct,19,14,2,5,10,七和弦标记,,
和弦标记识别,中等,产品评审专家,5,Cdim7,不是,不是,true,correct,20,15,3,5,10,七和弦标记,,
和弦标记识别,困难,资深 QA 工程师,1,C6 vs C13,不是,不是,true,correct,1,1,1,1,1,暂无,,
和弦标记识别,困难,资深 QA 工程师,2,Csus2,三音被四音替代,三音被二音替代,false,incorrect,2,1,0,1,2,sus2 标记,Csus2,
和弦标记识别,困难,资深 QA 工程师,3,Cadd9 vs C9,不是,不是,true,correct,3,2,1,1,3,sus2 标记,Csus2,
和弦标记识别,困难,资深 QA 工程师,4,G13sus4,三音被四音替代,三音被四音替代,true,correct,4,3,2,2,4,sus2 标记,Csus2,
和弦标记识别,困难,资深 QA 工程师,5,C/E,E 是九音,E 在低音,false,incorrect,5,3,0,2,5,sus2 标记,C/E|Csus2,
和弦标记识别,困难,吉他乐理老师,1,G7(b13),降十三音,降十三音,true,correct,6,4,1,2,6,sus2 标记,C/E|Csus2,
和弦标记识别,困难,吉他乐理老师,2,C6 vs C13,不是,不是,true,correct,7,5,2,2,7,sus2 标记,C/E|Csus2,
和弦标记识别,困难,吉他乐理老师,3,Csus2,三音被二音替代,三音被二音替代,true,correct,8,6,3,3,8,sus2 标记,C/E,
和弦标记识别,困难,吉他乐理老师,4,Cadd9 vs C9,不是,不是,true,correct,9,7,4,4,9,sus2 标记,C/E,
和弦标记识别,困难,吉他乐理老师,5,G13sus4,三音被四音替代,三音被四音替代,true,correct,10,8,5,5,10,sus2 标记,C/E,
和弦标记识别,困难,零基础真实用户体验官,1,C/E,E 是九音,E 在低音,false,incorrect,11,8,0,5,10,slash chord,C/E,
和弦标记识别,困难,零基础真实用户体验官,2,G7(b13),降十三音,降十三音,true,correct,12,9,1,5,10,slash chord,C/E,
和弦标记识别,困难,零基础真实用户体验官,3,C6 vs C13,不是,不是,true,correct,13,10,2,5,10,slash chord,C/E,
和弦标记识别,困难,零基础真实用户体验官,4,Csus2,三音被四音替代,三音被二音替代,false,incorrect,14,10,0,5,10,sus2 标记,Csus2|C/E,
和弦标记识别,困难,零基础真实用户体验官,5,Cadd9 vs C9,不是,不是,true,correct,15,11,1,5,10,sus2 标记,Csus2|C/E,
和弦标记识别,困难,产品评审专家,1,G13sus4,三音被四音替代,三音被四音替代,true,correct,16,12,2,5,10,sus2 标记,Csus2|C/E,
和弦标记识别,困难,产品评审专家,2,C/E,E 是九音,E 在低音,false,incorrect,17,12,0,5,10,slash chord,C/E|Csus2,
和弦标记识别,困难,产品评审专家,3,G7(b13),降十三音,降十三音,true,correct,18,13,1,5,10,slash chord,C/E|Csus2,
和弦标记识别,困难,产品评审专家,4,C6 vs C13,不是,不是,true,correct,19,14,2,5,10,slash chord,C/E|Csus2,
和弦标记识别,困难,产品评审专家,5,Csus2,三音被二音替代,三音被二音替代,true,correct,20,15,3,5,10,slash chord,C/E,
和弦标记识别,综合,资深 QA 工程师,1,C°7,减七和弦,减七和弦,true,correct,1,1,1,1,1,暂无,,
和弦标记识别,综合,资深 QA 工程师,2,Bø7,Bmaj7,Bm7b5,false,incorrect,2,1,0,1,2,多写法,Bø7,
和弦标记识别,综合,资深 QA 工程师,3,C△7,大七和弦,大七和弦,true,correct,3,2,1,1,3,多写法,Bø7,
和弦标记识别,综合,资深 QA 工程师,4,C-7,小七和弦,小七和弦,true,correct,4,3,2,2,4,多写法,Bø7,
和弦标记识别,综合,资深 QA 工程师,5,Bø7,Bmaj7,Bm7b5,false,incorrect,5,3,0,2,5,多写法,Bø7,
和弦标记识别,综合,吉他乐理老师,1,C△7,大七和弦,大七和弦,true,correct,6,4,1,2,6,多写法,Bø7,
和弦标记识别,综合,吉他乐理老师,2,Bø7,Bm7b5,Bm7b5,true,correct,7,5,2,2,7,多写法,,
和弦标记识别,综合,吉他乐理老师,3,C△7,大七和弦,大七和弦,true,correct,8,6,3,3,8,多写法,,
和弦标记识别,综合,吉他乐理老师,4,C°7,减七和弦,减七和弦,true,correct,9,7,4,4,9,多写法,,
和弦标记识别,综合,吉他乐理老师,5,C△7,大七和弦,大七和弦,true,correct,10,8,5,5,10,多写法,,
和弦标记识别,综合,零基础真实用户体验官,1,Bø7,Bmaj7,Bm7b5,false,incorrect,11,8,0,5,10,多写法,Bø7,
和弦标记识别,综合,零基础真实用户体验官,2,C-7,小七和弦,小七和弦,true,correct,12,9,1,5,10,多写法,Bø7,
和弦标记识别,综合,零基础真实用户体验官,3,C°7,减七和弦,减七和弦,true,correct,13,10,2,5,10,多写法,Bø7,
和弦标记识别,综合,零基础真实用户体验官,4,Bø7,Bmaj7,Bm7b5,false,incorrect,14,10,0,5,10,多写法,Bø7,
和弦标记识别,综合,零基础真实用户体验官,5,C°7,减七和弦,减七和弦,true,correct,15,11,1,5,10,多写法,Bø7,
和弦标记识别,综合,产品评审专家,1,Bø7,Bm7b5,Bm7b5,true,correct,16,12,2,5,10,多写法,,
和弦标记识别,综合,产品评审专家,2,C°7,半减七和弦,减七和弦,false,incorrect,17,12,0,5,10,多写法,C°7,
和弦标记识别,综合,产品评审专家,3,C-7,小七和弦,小七和弦,true,correct,18,13,1,5,10,多写法,C°7,
和弦标记识别,综合,产品评审专家,4,Bø7,Bm7b5,Bm7b5,true,correct,19,14,2,5,10,多写法,C°7,
和弦标记识别,综合,产品评审专家,5,C△7,大七和弦,大七和弦,true,correct,20,15,3,5,10,多写法,C°7,
延伸音与省略音判断,简单,资深 QA 工程师,1,13 的来源,6,6,true,correct,1,1,1,1,1,暂无,,
延伸音与省略音判断,简单,资深 QA 工程师,2,9 的来源,wrong,2,false,incorrect,2,1,0,1,2,延伸音来源,9 的来源,
延伸音与省略音判断,简单,资深 QA 工程师,3,11 的来源,4,4,true,correct,3,2,1,1,3,延伸音来源,9 的来源,
延伸音与省略音判断,简单,资深 QA 工程师,4,9 的来源,2,2,true,correct,4,3,2,2,4,延伸音来源,,
延伸音与省略音判断,简单,资深 QA 工程师,5,11 的来源,wrong,4,false,incorrect,5,3,0,2,5,延伸音来源,11 的来源,
延伸音与省略音判断,简单,吉他乐理老师,1,9 的来源,2,2,true,correct,6,4,1,2,6,延伸音来源,11 的来源,
延伸音与省略音判断,简单,吉他乐理老师,2,11 的来源,4,4,true,correct,7,5,2,2,7,延伸音来源,,
延伸音与省略音判断,简单,吉他乐理老师,3,9 的来源,2,2,true,correct,8,6,3,3,8,延伸音来源,,
延伸音与省略音判断,简单,吉他乐理老师,4,13 的来源,6,6,true,correct,9,7,4,4,9,延伸音来源,,
延伸音与省略音判断,简单,吉他乐理老师,5,11 的来源,4,4,true,correct,10,8,5,5,10,延伸音来源,,
延伸音与省略音判断,简单,零基础真实用户体验官,1,9 的来源,wrong,2,false,incorrect,11,8,0,5,10,延伸音来源,9 的来源,
延伸音与省略音判断,简单,零基础真实用户体验官,2,13 的来源,6,6,true,correct,12,9,1,5,10,延伸音来源,9 的来源,
延伸音与省略音判断,简单,零基础真实用户体验官,3,9 的来源,2,2,true,correct,13,10,2,5,10,延伸音来源,,
延伸音与省略音判断,简单,零基础真实用户体验官,4,11 的来源,wrong,4,false,incorrect,14,10,0,5,10,延伸音来源,11 的来源,
延伸音与省略音判断,简单,零基础真实用户体验官,5,9 的来源,2,2,true,correct,15,11,1,5,10,延伸音来源,11 的来源,
延伸音与省略音判断,简单,产品评审专家,1,11 的来源,4,4,true,correct,16,12,2,5,10,延伸音来源,,
延伸音与省略音判断,简单,产品评审专家,2,13 的来源,wrong,6,false,incorrect,17,12,0,5,10,延伸音来源,13 的来源,
延伸音与省略音判断,简单,产品评审专家,3,9 的来源,2,2,true,correct,18,13,1,5,10,延伸音来源,13 的来源,
延伸音与省略音判断,简单,产品评审专家,4,11 的来源,4,4,true,correct,19,14,2,5,10,延伸音来源,13 的来源,
延伸音与省略音判断,简单,产品评审专家,5,13 的来源,6,6,true,correct,20,15,3,5,10,延伸音来源,,
延伸音与省略音判断,中等,资深 QA 工程师,1,G13,G B F E,G B F E,true,correct,1,1,1,1,1,暂无,,
延伸音与省略音判断,中等,资深 QA 工程师,2,G9,wrong,G B D F A,false,incorrect,2,1,0,1,2,属九结构,G9,
延伸音与省略音判断,中等,资深 QA 工程师,3,Dm9,D F A C E,D F A C E,true,correct,3,2,1,1,3,属九结构,G9,
延伸音与省略音判断,中等,资深 QA 工程师,4,G9,G B D F A,G B D F A,true,correct,4,3,2,2,4,属九结构,,
延伸音与省略音判断,中等,资深 QA 工程师,5,G13,wrong,G B F E,false,incorrect,5,3,0,2,5,属九结构,G13,
延伸音与省略音判断,中等,吉他乐理老师,1,Dm9,D F A C E,D F A C E,true,correct,6,4,1,2,6,属九结构,G13,
延伸音与省略音判断,中等,吉他乐理老师,2,G13,G B F E,G B F E,true,correct,7,5,2,2,7,属九结构,,
延伸音与省略音判断,中等,吉他乐理老师,3,G9,G B D F A,G B D F A,true,correct,8,6,3,3,8,属九结构,,
延伸音与省略音判断,中等,吉他乐理老师,4,Dm9,D F A C E,D F A C E,true,correct,9,7,4,4,9,属九结构,,
延伸音与省略音判断,中等,吉他乐理老师,5,G9,G B D F A,G B D F A,true,correct,10,8,5,5,10,属九结构,,
延伸音与省略音判断,中等,零基础真实用户体验官,1,G13,wrong,G B F E,false,incorrect,11,8,0,5,10,属十三核心音,G13,
延伸音与省略音判断,中等,零基础真实用户体验官,2,Dm9,D F A C E,D F A C E,true,correct,12,9,1,5,10,属十三核心音,G13,
延伸音与省略音判断,中等,零基础真实用户体验官,3,G9,G B D F A,G B D F A,true,correct,13,10,2,5,10,属十三核心音,G13,
延伸音与省略音判断,中等,零基础真实用户体验官,4,G13,wrong,G B F E,false,incorrect,14,10,0,5,10,属十三核心音,G13,
延伸音与省略音判断,中等,零基础真实用户体验官,5,G9,G B D F A,G B D F A,true,correct,15,11,1,5,10,属十三核心音,G13,
延伸音与省略音判断,中等,产品评审专家,1,Dm9,D F A C E,D F A C E,true,correct,16,12,2,5,10,属十三核心音,G13,
延伸音与省略音判断,中等,产品评审专家,2,G13,wrong,G B F E,false,incorrect,17,12,0,5,10,属十三核心音,G13,
延伸音与省略音判断,中等,产品评审专家,3,G9,G B D F A,G B D F A,true,correct,18,13,1,5,10,属十三核心音,G13,
延伸音与省略音判断,中等,产品评审专家,4,G13,G B F E,G B F E,true,correct,19,14,2,5,10,属十三核心音,,
延伸音与省略音判断,中等,产品评审专家,5,Dm9,D F A C E,D F A C E,true,correct,20,15,3,5,10,属十三核心音,,
延伸音与省略音判断,困难,资深 QA 工程师,1,G13 省略辨认,D,D,true,correct,1,1,1,1,1,暂无,,
延伸音与省略音判断,困难,资深 QA 工程师,2,Dm9 省略辨认,wrong,A,false,incorrect,2,1,0,1,2,省略五音,Dm9 省略辨认,
延伸音与省略音判断,困难,资深 QA 工程师,3,属和弦自然11,b9 clash,11音与3音形成小九度冲突,true,correct,3,2,1,1,3,省略五音,Dm9 省略辨认,
延伸音与省略音判断,困难,资深 QA 工程师,4,G13 省略辨认,D,D,true,correct,4,3,2,2,4,省略五音,Dm9 省略辨认,
延伸音与省略音判断,困难,资深 QA 工程师,5,Dm9 省略辨认,wrong,A,false,incorrect,5,3,0,2,5,省略五音,Dm9 省略辨认,
延伸音与省略音判断,困难,吉他乐理老师,1,G13 省略辨认,D,D,true,correct,6,4,1,2,6,省略五音,Dm9 省略辨认,
延伸音与省略音判断,困难,吉他乐理老师,2,Dm9 省略辨认,A,A,true,correct,7,5,2,2,7,省略五音,,
延伸音与省略音判断,困难,吉他乐理老师,3,G13 省略辨认,D,D,true,correct,8,6,3,3,8,省略五音,,
延伸音与省略音判断,困难,吉他乐理老师,4,Dm9 省略辨认,A,A,true,correct,9,7,4,4,9,省略五音,,
延伸音与省略音判断,困难,吉他乐理老师,5,G13 省略辨认,D,D,true,correct,10,8,5,5,10,省略五音,,
延伸音与省略音判断,困难,零基础真实用户体验官,1,Dm9 省略辨认,wrong,A,false,incorrect,11,8,0,5,10,省略五音,Dm9 省略辨认,
延伸音与省略音判断,困难,零基础真实用户体验官,2,G13 省略辨认,D,D,true,correct,12,9,1,5,10,省略五音,Dm9 省略辨认,
延伸音与省略音判断,困难,零基础真实用户体验官,3,Dm9 省略辨认,A,A,true,correct,13,10,2,5,10,省略五音,,
延伸音与省略音判断,困难,零基础真实用户体验官,4,G13 省略辨认,wrong,D,false,incorrect,14,10,0,5,10,省略五音,G13 省略辨认,
延伸音与省略音判断,困难,零基础真实用户体验官,5,Dm9 省略辨认,A,A,true,correct,15,11,1,5,10,省略五音,G13 省略辨认,
延伸音与省略音判断,困难,产品评审专家,1,G13 省略辨认,D,D,true,correct,16,12,2,5,10,省略五音,,
延伸音与省略音判断,困难,产品评审专家,2,属和弦自然11,wrong,11音与3音形成小九度冲突,false,incorrect,17,12,0,5,10,省略五音,属和弦自然11,
延伸音与省略音判断,困难,产品评审专家,3,Dm9 省略辨认,A,A,true,correct,18,13,1,5,10,省略五音,属和弦自然11,
延伸音与省略音判断,困难,产品评审专家,4,属和弦自然11,b9 clash,11音与3音形成小九度冲突,true,correct,19,14,2,5,10,省略五音,,
延伸音与省略音判断,困难,产品评审专家,5,Dm9 省略辨认,A,A,true,correct,20,15,3,5,10,省略五音,,
延伸音与省略音判断,综合,资深 QA 工程师,1,G13sus4 到 G13,C -> B,C -> B,true,correct,1,1,1,1,1,暂无,,
延伸音与省略音判断,综合,资深 QA 工程师,2,G7(b13) 到 G13,wrong,Eb -> E,false,incorrect,2,1,0,1,2,变化延伸音,G7(b13) 到 G13,
延伸音与省略音判断,综合,资深 QA 工程师,3,G13 到 G7(b13),E -> Eb,E -> Eb,true,correct,3,2,1,1,3,变化延伸音,G7(b13) 到 G13,
延伸音与省略音判断,综合,资深 QA 工程师,4,G7(b13) 到 G13,Eb -> E,Eb -> E,true,correct,4,3,2,2,4,变化延伸音,,
延伸音与省略音判断,综合,资深 QA 工程师,5,G13 到 G7(b13),wrong,E -> Eb,false,incorrect,5,3,0,2,5,变化延伸音,G13 到 G7(b13),
延伸音与省略音判断,综合,吉他乐理老师,1,G7(b13) 到 G13,Eb -> E,Eb -> E,true,correct,6,4,1,2,6,变化延伸音,G13 到 G7(b13),
延伸音与省略音判断,综合,吉他乐理老师,2,G13 到 G7(b13),E -> Eb,E -> Eb,true,correct,7,5,2,2,7,变化延伸音,,
延伸音与省略音判断,综合,吉他乐理老师,3,G13sus4 到 G13,C -> B,C -> B,true,correct,8,6,3,3,8,变化延伸音,,
延伸音与省略音判断,综合,吉他乐理老师,4,G7(b13) 到 G13,Eb -> E,Eb -> E,true,correct,9,7,4,4,9,变化延伸音,,
延伸音与省略音判断,综合,吉他乐理老师,5,G13sus4 到 G13,C -> B,C -> B,true,correct,10,8,5,5,10,变化延伸音,,
延伸音与省略音判断,综合,零基础真实用户体验官,1,G7(b13) 到 G13,wrong,Eb -> E,false,incorrect,11,8,0,5,10,变化延伸音,G7(b13) 到 G13,
延伸音与省略音判断,综合,零基础真实用户体验官,2,G13sus4 到 G13,C -> B,C -> B,true,correct,12,9,1,5,10,变化延伸音,G7(b13) 到 G13,
延伸音与省略音判断,综合,零基础真实用户体验官,3,G7(b13) 到 G13,Eb -> E,Eb -> E,true,correct,13,10,2,5,10,变化延伸音,,
延伸音与省略音判断,综合,零基础真实用户体验官,4,G13sus4 到 G13,wrong,C -> B,false,incorrect,14,10,0,5,10,变化延伸音,G13sus4 到 G13,
延伸音与省略音判断,综合,零基础真实用户体验官,5,G7(b13) 到 G13,Eb -> E,Eb -> E,true,correct,15,11,1,5,10,变化延伸音,G13sus4 到 G13,
延伸音与省略音判断,综合,产品评审专家,1,G13sus4 到 G13,C -> B,C -> B,true,correct,16,12,2,5,10,变化延伸音,,
延伸音与省略音判断,综合,产品评审专家,2,G13 到 G7(b13),wrong,E -> Eb,false,incorrect,17,12,0,5,10,变化延伸音,G13 到 G7(b13),
延伸音与省略音判断,综合,产品评审专家,3,G13sus4 到 G13,C -> B,C -> B,true,correct,18,13,1,5,10,变化延伸音,G13 到 G7(b13),
延伸音与省略音判断,综合,产品评审专家,4,G7(b13) 到 G13,Eb -> E,Eb -> E,true,correct,19,14,2,5,10,变化延伸音,G13 到 G7(b13),
延伸音与省略音判断,综合,产品评审专家,5,G13 到 G7(b13),E -> Eb,E -> Eb,true,correct,20,15,3,5,10,变化延伸音,,
级数进行转调,简单,资深 QA 工程师,1,1-6-2-5 映射,Imaj7 vi7 ii7 V7,Imaj7 vi7 ii7 V7,true,correct,1,1,1,1,1,暂无,,
级数进行转调,简单,资深 QA 工程师,2,C 的 1-6-2-5,wrong,Cmaj7 Am7 Dm7 G7,false,incorrect,2,1,0,1,2,级数转调,C 的 1-6-2-5,
级数进行转调,简单,资深 QA 工程师,3,C 的 ii-V-I,Dm7 G7 Cmaj7,Dm7 G7 Cmaj7,true,correct,3,2,1,1,3,级数转调,C 的 1-6-2-5,
级数进行转调,简单,资深 QA 工程师,4,C 的 iii-vi-ii-V,Em7 Am7 Dm7 G7,Em7 Am7 Dm7 G7,true,correct,4,3,2,2,4,级数转调,C 的 1-6-2-5,
级数进行转调,简单,资深 QA 工程师,5,C 的 IV-iii-ii-I,wrong,Fmaj7 Em7 Dm7 Cmaj7,false,incorrect,5,3,0,2,5,级数转调,C 的 IV-iii-ii-I|C 的 1-6-2-5,
级数进行转调,简单,吉他乐理老师,1,C 的 1-6-2-5,Cmaj7 Am7 Dm7 G7,Cmaj7 Am7 Dm7 G7,true,correct,6,4,1,2,6,级数转调,C 的 IV-iii-ii-I,
级数进行转调,简单,吉他乐理老师,2,C 的 ii-V-I,Dm7 G7 Cmaj7,Dm7 G7 Cmaj7,true,correct,7,5,2,2,7,级数转调,C 的 IV-iii-ii-I,
级数进行转调,简单,吉他乐理老师,3,C 的 IV-iii-ii-I,Fmaj7 Em7 Dm7 Cmaj7,Fmaj7 Em7 Dm7 Cmaj7,true,correct,8,6,3,3,8,级数转调,,
级数进行转调,简单,吉他乐理老师,4,C 的 iii-vi-ii-V,Em7 Am7 Dm7 G7,Em7 Am7 Dm7 G7,true,correct,9,7,4,4,9,级数转调,,
级数进行转调,简单,吉他乐理老师,5,1-6-2-5 映射,Imaj7 vi7 ii7 V7,Imaj7 vi7 ii7 V7,true,correct,10,8,5,5,10,级数转调,,
级数进行转调,简单,零基础真实用户体验官,1,C 的 1-6-2-5,wrong,Cmaj7 Am7 Dm7 G7,false,incorrect,11,8,0,5,10,级数转调,C 的 1-6-2-5,
级数进行转调,简单,零基础真实用户体验官,2,C 的 IV-iii-ii-I,Fmaj7 Em7 Dm7 Cmaj7,Fmaj7 Em7 Dm7 Cmaj7,true,correct,12,9,1,5,10,级数转调,C 的 1-6-2-5,
级数进行转调,简单,零基础真实用户体验官,3,C 的 1-6-2-5,Cmaj7 Am7 Dm7 G7,Cmaj7 Am7 Dm7 G7,true,correct,13,10,2,5,10,级数转调,,
级数进行转调,简单,零基础真实用户体验官,4,C 的 ii-V-I,wrong,Dm7 G7 Cmaj7,false,incorrect,14,10,0,5,10,级数转调,C 的 ii-V-I,
级数进行转调,简单,零基础真实用户体验官,5,1-6-2-5 映射,Imaj7 vi7 ii7 V7,Imaj7 vi7 ii7 V7,true,correct,15,11,1,5,10,级数转调,C 的 ii-V-I,
级数进行转调,简单,产品评审专家,1,C 的 ii-V-I,Dm7 G7 Cmaj7,Dm7 G7 Cmaj7,true,correct,16,12,2,5,10,级数转调,,
级数进行转调,简单,产品评审专家,2,C 的 IV-iii-ii-I,wrong,Fmaj7 Em7 Dm7 Cmaj7,false,incorrect,17,12,0,5,10,级数转调,C 的 IV-iii-ii-I,
级数进行转调,简单,产品评审专家,3,1-6-2-5 映射,Imaj7 vi7 ii7 V7,Imaj7 vi7 ii7 V7,true,correct,18,13,1,5,10,级数转调,C 的 IV-iii-ii-I,
级数进行转调,简单,产品评审专家,4,C 的 ii-V-I,Dm7 G7 Cmaj7,Dm7 G7 Cmaj7,true,correct,19,14,2,5,10,级数转调,C 的 IV-iii-ii-I,
级数进行转调,简单,产品评审专家,5,C 的 IV-iii-ii-I,Fmaj7 Em7 Dm7 Cmaj7,Fmaj7 Em7 Dm7 Cmaj7,true,correct,20,15,3,5,10,级数转调,,
级数进行转调,中等,资深 QA 工程师,1,Bb 的 1-6-2-5,Bbmaj7 Gm7 Cm7 F7,Bbmaj7 Gm7 Cm7 F7,true,correct,1,1,1,1,1,暂无,,
级数进行转调,中等,资深 QA 工程师,2,F 的 1-6-2-5,wrong,Fmaj7 Dm7 Gm7 C7,false,incorrect,2,1,0,1,2,级数转调,F 的 1-6-2-5,
级数进行转调,中等,资深 QA 工程师,3,G 的 iii-vi-ii-V,Bm7 Em7 Am7 D7,Bm7 Em7 Am7 D7,true,correct,3,2,1,1,3,级数转调,F 的 1-6-2-5,
级数进行转调,中等,资深 QA 工程师,4,D 的 iii-vi-ii-V,F#m7 Bm7 Em7 A7,F#m7 Bm7 Em7 A7,true,correct,4,3,2,2,4,级数转调,F 的 1-6-2-5,
级数进行转调,中等,资深 QA 工程师,5,Bb 的 iii-vi-ii-V,wrong,Dm7 Gm7 Cm7 F7,false,incorrect,5,3,0,2,5,级数转调,Bb 的 iii-vi-ii-V|F 的 1-6-2-5,
级数进行转调,中等,吉他乐理老师,1,G 的 ii-V-I,Am7 D7 Gmaj7,Am7 D7 Gmaj7,true,correct,6,4,1,2,6,级数转调,Bb 的 iii-vi-ii-V|F 的 1-6-2-5,
级数进行转调,中等,吉他乐理老师,2,D 的 1-6-2-5,Dmaj7 Bm7 Em7 A7,Dmaj7 Bm7 Em7 A7,true,correct,7,5,2,2,7,级数转调,Bb 的 iii-vi-ii-V|F 的 1-6-2-5,
级数进行转调,中等,吉他乐理老师,3,F 的 1-6-2-5,Fmaj7 Dm7 Gm7 C7,Fmaj7 Dm7 Gm7 C7,true,correct,8,6,3,3,8,级数转调,Bb 的 iii-vi-ii-V,
级数进行转调,中等,吉他乐理老师,4,Bb 的 IV-iii-ii-I,Ebmaj7 Dm7 Cm7 Bbmaj7,Ebmaj7 Dm7 Cm7 Bbmaj7,true,correct,9,7,4,4,9,级数转调,Bb 的 iii-vi-ii-V,
级数进行转调,中等,吉他乐理老师,5,F 的 IV-iii-ii-I,Bbmaj7 Am7 Gm7 Fmaj7,Bbmaj7 Am7 Gm7 Fmaj7,true,correct,10,8,5,5,10,级数转调,Bb 的 iii-vi-ii-V,
级数进行转调,中等,零基础真实用户体验官,1,Bb 的 iii-vi-ii-V,wrong,Dm7 Gm7 Cm7 F7,false,incorrect,11,8,0,5,10,级数转调,Bb 的 iii-vi-ii-V,
级数进行转调,中等,零基础真实用户体验官,2,F 的 iii-vi-ii-V,Am7 Dm7 Gm7 C7,Am7 Dm7 Gm7 C7,true,correct,12,9,1,5,10,级数转调,Bb 的 iii-vi-ii-V,
级数进行转调,中等,零基础真实用户体验官,3,G 的 iii-vi-ii-V,Bm7 Em7 Am7 D7,Bm7 Em7 Am7 D7,true,correct,13,10,2,5,10,级数转调,Bb 的 iii-vi-ii-V,
级数进行转调,中等,零基础真实用户体验官,4,Bb 的 ii-V-I,wrong,Cm7 F7 Bbmaj7,false,incorrect,14,10,0,5,10,级数转调,Bb 的 ii-V-I|Bb 的 iii-vi-ii-V,
级数进行转调,中等,零基础真实用户体验官,5,D 的 iii-vi-ii-V,F#m7 Bm7 Em7 A7,F#m7 Bm7 Em7 A7,true,correct,15,11,1,5,10,级数转调,Bb 的 ii-V-I|Bb 的 iii-vi-ii-V,
级数进行转调,中等,产品评审专家,1,G 的 ii-V-I,Am7 D7 Gmaj7,Am7 D7 Gmaj7,true,correct,16,12,2,5,10,级数转调,Bb 的 ii-V-I|Bb 的 iii-vi-ii-V,
级数进行转调,中等,产品评审专家,2,Bb 的 iii-vi-ii-V,wrong,Dm7 Gm7 Cm7 F7,false,incorrect,17,12,0,5,10,级数转调,Bb 的 iii-vi-ii-V|Bb 的 ii-V-I,
级数进行转调,中等,产品评审专家,3,F 的 1-6-2-5,Fmaj7 Dm7 Gm7 C7,Fmaj7 Dm7 Gm7 C7,true,correct,18,13,1,5,10,级数转调,Bb 的 iii-vi-ii-V|Bb 的 ii-V-I,
级数进行转调,中等,产品评审专家,4,F 的 iii-vi-ii-V,Am7 Dm7 Gm7 C7,Am7 Dm7 Gm7 C7,true,correct,19,14,2,5,10,级数转调,Bb 的 iii-vi-ii-V|Bb 的 ii-V-I,
级数进行转调,中等,产品评审专家,5,G 的 1-6-2-5,Gmaj7 Em7 Am7 D7,Gmaj7 Em7 Am7 D7,true,correct,20,15,3,5,10,级数转调,Bb 的 iii-vi-ii-V|Bb 的 ii-V-I,
级数进行转调,困难,资深 QA 工程师,1,E 的 iii-vi-ii-V,G#m7 C#m7 F#m7 B7,G#m7 C#m7 F#m7 B7,true,correct,1,1,1,1,1,暂无,,
级数进行转调,困难,资深 QA 工程师,2,B 的 iii-vi-ii-V,wrong,D#m7 G#m7 C#m7 F#7,false,incorrect,2,1,0,1,2,级数转调,B 的 iii-vi-ii-V,
级数进行转调,困难,资深 QA 工程师,3,Eb 的 1-6-2-5,Ebmaj7 Cm7 Fm7 Bb7,Ebmaj7 Cm7 Fm7 Bb7,true,correct,3,2,1,1,3,级数转调,B 的 iii-vi-ii-V,
级数进行转调,困难,资深 QA 工程师,4,F# 的 IV-iii-ii-I,Bmaj7 A#m7 G#m7 F#maj7,Bmaj7 A#m7 G#m7 F#maj7,true,correct,4,3,2,2,4,级数转调,B 的 iii-vi-ii-V,
级数进行转调,困难,资深 QA 工程师,5,Ab 的 ii-V-I,wrong,Bbm7 Eb7 Abmaj7,false,incorrect,5,3,0,2,5,级数转调,Ab 的 ii-V-I|B 的 iii-vi-ii-V,
级数进行转调,困难,吉他乐理老师,1,Ab 的 IV-iii-ii-I,Dbmaj7 Cm7 Bbm7 Abmaj7,Dbmaj7 Cm7 Bbm7 Abmaj7,true,correct,6,4,1,2,6,级数转调,Ab 的 ii-V-I|B 的 iii-vi-ii-V,
级数进行转调,困难,吉他乐理老师,2,A 的 ii-V-I,Bm7 E7 Amaj7,Bm7 E7 Amaj7,true,correct,7,5,2,2,7,级数转调,Ab 的 ii-V-I|B 的 iii-vi-ii-V,
级数进行转调,困难,吉他乐理老师,3,B 的 iii-vi-ii-V,D#m7 G#m7 C#m7 F#7,D#m7 G#m7 C#m7 F#7,true,correct,8,6,3,3,8,级数转调,Ab 的 ii-V-I,
级数进行转调,困难,吉他乐理老师,4,B 的 ii-V-I,C#m7 F#7 Bmaj7,C#m7 F#7 Bmaj7,true,correct,9,7,4,4,9,级数转调,Ab 的 ii-V-I,
级数进行转调,困难,吉他乐理老师,5,Ab 的 iii-vi-ii-V,Cm7 Fm7 Bbm7 Eb7,Cm7 Fm7 Bbm7 Eb7,true,correct,10,8,5,5,10,级数转调,Ab 的 ii-V-I,
级数进行转调,困难,零基础真实用户体验官,1,Ab 的 ii-V-I,wrong,Bbm7 Eb7 Abmaj7,false,incorrect,11,8,0,5,10,级数转调,Ab 的 ii-V-I,
级数进行转调,困难,零基础真实用户体验官,2,Eb 的 ii-V-I,Fm7 Bb7 Ebmaj7,Fm7 Bb7 Ebmaj7,true,correct,12,9,1,5,10,级数转调,Ab 的 ii-V-I,
级数进行转调,困难,零基础真实用户体验官,3,E 的 1-6-2-5,Emaj7 C#m7 F#m7 B7,Emaj7 C#m7 F#m7 B7,true,correct,13,10,2,5,10,级数转调,Ab 的 ii-V-I,
级数进行转调,困难,零基础真实用户体验官,4,B 的 iii-vi-ii-V,wrong,D#m7 G#m7 C#m7 F#7,false,incorrect,14,10,0,5,10,级数转调,B 的 iii-vi-ii-V|Ab 的 ii-V-I,
级数进行转调,困难,零基础真实用户体验官,5,Db 的 IV-iii-ii-I,Gbmaj7 Fm7 Ebm7 Dbmaj7,Gbmaj7 Fm7 Ebm7 Dbmaj7,true,correct,15,11,1,5,10,级数转调,B 的 iii-vi-ii-V|Ab 的 ii-V-I,
级数进行转调,困难,产品评审专家,1,F# 的 ii-V-I,G#m7 C#7 F#maj7,G#m7 C#7 F#maj7,true,correct,16,12,2,5,10,级数转调,B 的 iii-vi-ii-V|Ab 的 ii-V-I,
级数进行转调,困难,产品评审专家,2,Ab 的 ii-V-I,wrong,Bbm7 Eb7 Abmaj7,false,incorrect,17,12,0,5,10,级数转调,Ab 的 ii-V-I|B 的 iii-vi-ii-V,
级数进行转调,困难,产品评审专家,3,F# 的 IV-iii-ii-I,Bmaj7 A#m7 G#m7 F#maj7,Bmaj7 A#m7 G#m7 F#maj7,true,correct,18,13,1,5,10,级数转调,Ab 的 ii-V-I|B 的 iii-vi-ii-V,
级数进行转调,困难,产品评审专家,4,A 的 ii-V-I,Bm7 E7 Amaj7,Bm7 E7 Amaj7,true,correct,19,14,2,5,10,级数转调,Ab 的 ii-V-I|B 的 iii-vi-ii-V,
级数进行转调,困难,产品评审专家,5,B 的 iii-vi-ii-V,D#m7 G#m7 C#m7 F#7,D#m7 G#m7 C#m7 F#7,true,correct,20,15,3,5,10,级数转调,Ab 的 ii-V-I,
级数进行转调,综合,资深 QA 工程师,1,Ebm7 Ab7 Dbmaj7,Db ii-V-I,Db大调 ii-V-I,true,correct,1,1,1,1,1,暂无,,
级数进行转调,综合,资深 QA 工程师,2,Dm7 G7 Cmaj7,wrong,C大调 ii-V-I,false,incorrect,2,1,0,1,2,反推级数,Dm7 G7 Cmaj7,
级数进行转调,综合,资深 QA 工程师,3,Bbmaj7 Gm7 Cm7 F7,Bb 1-6-2-5,Bb大调 1-6-2-5,true,correct,3,2,1,1,3,反推级数,Dm7 G7 Cmaj7,
级数进行转调,综合,资深 QA 工程师,4,Amaj7 F#m7 Bm7 E7,A 1-6-2-5,A大调 1-6-2-5,true,correct,4,3,2,2,4,反推级数,Dm7 G7 Cmaj7,
级数进行转调,综合,资深 QA 工程师,5,Bm7 E7 Amaj7,wrong,A大调 ii-V-I,false,incorrect,5,3,0,2,5,反推级数,Bm7 E7 Amaj7|Dm7 G7 Cmaj7,
级数进行转调,综合,吉他乐理老师,1,Em7 A7 Dmaj7,D ii-V-I,D大调 ii-V-I,true,correct,6,4,1,2,6,反推级数,Bm7 E7 Amaj7|Dm7 G7 Cmaj7,
级数进行转调,综合,吉他乐理老师,2,Ebm7 Ab7 Dbmaj7,Db ii-V-I,Db大调 ii-V-I,true,correct,7,5,2,2,7,反推级数,Bm7 E7 Amaj7|Dm7 G7 Cmaj7,
级数进行转调,综合,吉他乐理老师,3,Dm7 G7 Cmaj7,C ii-V-I,C大调 ii-V-I,true,correct,8,6,3,3,8,反推级数,Bm7 E7 Amaj7,
级数进行转调,综合,吉他乐理老师,4,Dmaj7 Bm7 Em7 A7,D 1-6-2-5,D大调 1-6-2-5,true,correct,9,7,4,4,9,反推级数,Bm7 E7 Amaj7,
级数进行转调,综合,吉他乐理老师,5,G#m7 C#7 F#maj7,F# ii-V-I,F#大调 ii-V-I,true,correct,10,8,5,5,10,反推级数,Bm7 E7 Amaj7,
级数进行转调,综合,零基础真实用户体验官,1,Amaj7 F#m7 Bm7 E7,wrong,A大调 1-6-2-5,false,incorrect,11,8,0,5,10,反推级数,Amaj7 F#m7 Bm7 E7|Bm7 E7 Amaj7,
级数进行转调,综合,零基础真实用户体验官,2,Fm7 Bb7 Ebmaj7,Eb ii-V-I,Eb大调 ii-V-I,true,correct,12,9,1,5,10,反推级数,Amaj7 F#m7 Bm7 E7|Bm7 E7 Amaj7,
级数进行转调,综合,零基础真实用户体验官,3,Bm7 E7 Amaj7,A ii-V-I,A大调 ii-V-I,true,correct,13,10,2,5,10,反推级数,Amaj7 F#m7 Bm7 E7,
级数进行转调,综合,零基础真实用户体验官,4,Cmaj7 Am7 Dm7 G7,wrong,C大调 1-6-2-5,false,incorrect,14,10,0,5,10,反推级数,Cmaj7 Am7 Dm7 G7|Amaj7 F#m7 Bm7 E7,
级数进行转调,综合,零基础真实用户体验官,5,Gm7 C7 Fmaj7,F ii-V-I,F大调 ii-V-I,true,correct,15,11,1,5,10,反推级数,Cmaj7 Am7 Dm7 G7|Amaj7 F#m7 Bm7 E7,
级数进行转调,综合,产品评审专家,1,Gmaj7 Em7 Am7 D7,G 1-6-2-5,G大调 1-6-2-5,true,correct,16,12,2,5,10,反推级数,Cmaj7 Am7 Dm7 G7|Amaj7 F#m7 Bm7 E7,
级数进行转调,综合,产品评审专家,2,Em7 A7 Dmaj7,wrong,D大调 ii-V-I,false,incorrect,17,12,0,5,10,反推级数,Em7 A7 Dmaj7|Cmaj7 Am7 Dm7 G7|Amaj7 F#m7 Bm7 E7,
级数进行转调,综合,产品评审专家,3,Amaj7 F#m7 Bm7 E7,A 1-6-2-5,A大调 1-6-2-5,true,correct,18,13,1,5,10,反推级数,Em7 A7 Dmaj7|Cmaj7 Am7 Dm7 G7,
级数进行转调,综合,产品评审专家,4,Abmaj7 Fm7 Bbm7 Eb7,Ab 1-6-2-5,Ab大调 1-6-2-5,true,correct,19,14,2,5,10,反推级数,Em7 A7 Dmaj7|Cmaj7 Am7 Dm7 G7,
级数进行转调,综合,产品评审专家,5,Cmaj7 Am7 Dm7 G7,C 1-6-2-5,C大调 1-6-2-5,true,correct,20,15,3,5,10,反推级数,Em7 A7 Dmaj7,
调号与五度圈速算,简单,资深 QA 工程师,1,Bb major 调号,Bb Eb,Bb Eb,true,correct,1,1,1,1,1,暂无,,
调号与五度圈速算,简单,资深 QA 工程师,2,G major 调号,wrong,F#,false,incorrect,2,1,0,1,2,升号调,G major 调号,
调号与五度圈速算,简单,资深 QA 工程师,3,D major 调号,F# C#,F# C#,true,correct,3,2,1,1,3,升号调,G major 调号,
调号与五度圈速算,简单,资深 QA 工程师,4,五度圈 F -> Bb,Bb major,Bb major,true,correct,4,3,2,2,4,升号调,G major 调号,
调号与五度圈速算,简单,资深 QA 工程师,5,五度圈 C -> G,wrong,G major,false,incorrect,5,3,0,2,5,升号调,五度圈 C -> G|G major 调号,
调号与五度圈速算,简单,吉他乐理老师,1,五度圈 C -> F,F major,F major,true,correct,6,4,1,2,6,升号调,五度圈 C -> G|G major 调号,
调号与五度圈速算,简单,吉他乐理老师,2,Bb major 调号,Bb Eb,Bb Eb,true,correct,7,5,2,2,7,升号调,五度圈 C -> G|G major 调号,
调号与五度圈速算,简单,吉他乐理老师,3,C major 调号,0,无升降号,true,correct,8,6,3,3,8,升号调,五度圈 C -> G|G major 调号,
调号与五度圈速算,简单,吉他乐理老师,4,G major 调号,F#,F#,true,correct,9,7,4,4,9,升号调,五度圈 C -> G,
调号与五度圈速算,简单,吉他乐理老师,5,五度圈 F -> Bb,Bb major,Bb major,true,correct,10,8,5,5,10,升号调,五度圈 C -> G,
调号与五度圈速算,简单,零基础真实用户体验官,1,五度圈 C -> G,wrong,G major,false,incorrect,11,8,0,5,10,五度圈相邻升号调,五度圈 C -> G,
调号与五度圈速算,简单,零基础真实用户体验官,2,五度圈 G -> D,D major,D major,true,correct,12,9,1,5,10,五度圈相邻升号调,五度圈 C -> G,
调号与五度圈速算,简单,零基础真实用户体验官,3,D major 调号,F# C#,F# C#,true,correct,13,10,2,5,10,五度圈相邻升号调,五度圈 C -> G,
调号与五度圈速算,简单,零基础真实用户体验官,4,五度圈 C -> F,wrong,F major,false,incorrect,14,10,0,5,10,五度圈相邻升号调,五度圈 C -> F|五度圈 C -> G,
调号与五度圈速算,简单,零基础真实用户体验官,5,F major 调号,Bb,Bb,true,correct,15,11,1,5,10,五度圈相邻升号调,五度圈 C -> F|五度圈 C -> G,
调号与五度圈速算,简单,产品评审专家,1,C major 调号,0,无升降号,true,correct,16,12,2,5,10,五度圈相邻升号调,五度圈 C -> F|五度圈 C -> G,
调号与五度圈速算,简单,产品评审专家,2,五度圈 C -> G,wrong,G major,false,incorrect,17,12,0,5,10,五度圈相邻升号调,五度圈 C -> G|五度圈 C -> F,
调号与五度圈速算,简单,产品评审专家,3,Bb major 调号,Bb Eb,Bb Eb,true,correct,18,13,1,5,10,五度圈相邻升号调,五度圈 C -> G|五度圈 C -> F,
调号与五度圈速算,简单,产品评审专家,4,D major 调号,F# C#,F# C#,true,correct,19,14,2,5,10,五度圈相邻升号调,五度圈 C -> G|五度圈 C -> F,
调号与五度圈速算,简单,产品评审专家,5,五度圈 G -> D,D major,D major,true,correct,20,15,3,5,10,五度圈相邻升号调,五度圈 C -> G|五度圈 C -> F,
调号与五度圈速算,中等,资深 QA 工程师,1,E major 调号,F# C# G# D#,F# C# G# D#,true,correct,1,1,1,1,1,暂无,,
调号与五度圈速算,中等,资深 QA 工程师,2,五度圈 A -> E,wrong,E major,false,incorrect,2,1,0,1,2,五度圈相邻升号调,五度圈 A -> E,
调号与五度圈速算,中等,资深 QA 工程师,3,Bb Eb Ab Db -> major,Ab major,Ab major,true,correct,3,2,1,1,3,五度圈相邻升号调,五度圈 A -> E,
调号与五度圈速算,中等,资深 QA 工程师,4,Eb major 调号,Bb Eb Ab,Bb Eb Ab,true,correct,4,3,2,2,4,五度圈相邻升号调,五度圈 A -> E,
调号与五度圈速算,中等,资深 QA 工程师,5,五度圈 Eb -> Ab,wrong,Ab major,false,incorrect,5,3,0,2,5,五度圈相邻升号调,五度圈 Eb -> Ab|五度圈 A -> E,
调号与五度圈速算,中等,吉他乐理老师,1,五度圈 D -> A,A major,A major,true,correct,6,4,1,2,6,五度圈相邻升号调,五度圈 Eb -> Ab|五度圈 A -> E,
调号与五度圈速算,中等,吉他乐理老师,2,Bb Eb Ab -> major,Eb major,Eb major,true,correct,7,5,2,2,7,五度圈相邻升号调,五度圈 Eb -> Ab|五度圈 A -> E,
调号与五度圈速算,中等,吉他乐理老师,3,五度圈 A -> E,E major,E major,true,correct,8,6,3,3,8,五度圈相邻升号调,五度圈 Eb -> Ab,
调号与五度圈速算,中等,吉他乐理老师,4,Ab major 调号,Bb Eb Ab Db,Bb Eb Ab Db,true,correct,9,7,4,4,9,五度圈相邻升号调,五度圈 Eb -> Ab,
调号与五度圈速算,中等,吉他乐理老师,5,Eb major 调号,Bb Eb Ab,Bb Eb Ab,true,correct,10,8,5,5,10,五度圈相邻升号调,五度圈 Eb -> Ab,
调号与五度圈速算,中等,零基础真实用户体验官,1,五度圈 Eb -> Ab,wrong,Ab major,false,incorrect,11,8,0,5,10,五度圈相邻降号调,五度圈 Eb -> Ab,
调号与五度圈速算,中等,零基础真实用户体验官,2,五度圈 D -> A,A major,A major,true,correct,12,9,1,5,10,五度圈相邻降号调,五度圈 Eb -> Ab,
调号与五度圈速算,中等,零基础真实用户体验官,3,五度圈 Bb -> Eb,Eb major,Eb major,true,correct,13,10,2,5,10,五度圈相邻降号调,五度圈 Eb -> Ab,
调号与五度圈速算,中等,零基础真实用户体验官,4,F# C# G# D# -> major,wrong,E major,false,incorrect,14,10,0,5,10,五度圈相邻降号调,F# C# G# D# -> major|五度圈 Eb -> Ab,
调号与五度圈速算,中等,零基础真实用户体验官,5,Bb Eb Ab -> major,Eb major,Eb major,true,correct,15,11,1,5,10,五度圈相邻降号调,F# C# G# D# -> major|五度圈 Eb -> Ab,
调号与五度圈速算,中等,产品评审专家,1,A major 调号,F# C# G#,F# C# G#,true,correct,16,12,2,5,10,五度圈相邻降号调,F# C# G# D# -> major|五度圈 Eb -> Ab,
调号与五度圈速算,中等,产品评审专家,2,Bb Eb Ab Db -> major,wrong,Ab major,false,incorrect,17,12,0,5,10,五度圈相邻降号调,Bb Eb Ab Db -> major|F# C# G# D# -> major|五度圈 Eb -> Ab,
调号与五度圈速算,中等,产品评审专家,3,五度圈 A -> E,E major,E major,true,correct,18,13,1,5,10,五度圈相邻降号调,Bb Eb Ab Db -> major|F# C# G# D# -> major|五度圈 Eb -> Ab,
调号与五度圈速算,中等,产品评审专家,4,五度圈 Eb -> Ab,Ab major,Ab major,true,correct,19,14,2,5,10,五度圈相邻降号调,Bb Eb Ab Db -> major|F# C# G# D# -> major,
调号与五度圈速算,中等,产品评审专家,5,Eb major 调号,Bb Eb Ab,Bb Eb Ab,true,correct,20,15,3,5,10,五度圈相邻降号调,Bb Eb Ab Db -> major|F# C# G# D# -> major,
调号与五度圈速算,困难,资深 QA 工程师,1,F# major 调号,F# C# G# D# A# E#,F# C# G# D# A# E#,true,correct,1,1,1,1,1,暂无,,
调号与五度圈速算,困难,资深 QA 工程师,2,Bb Eb Ab Db Gb Cb -> major,wrong,Gb major,false,incorrect,2,1,0,1,2,调号反推,Bb Eb Ab Db Gb Cb -> major,
调号与五度圈速算,困难,资深 QA 工程师,3,Cb major 调号,Bb Eb Ab Db Gb Cb Fb,Bb Eb Ab Db Gb Cb Fb,true,correct,3,2,1,1,3,调号反推,Bb Eb Ab Db Gb Cb -> major,
调号与五度圈速算,困难,资深 QA 工程师,4,B major 调号,F# C# G# D# A#,F# C# G# D# A#,true,correct,4,3,2,2,4,调号反推,Bb Eb Ab Db Gb Cb -> major,
调号与五度圈速算,困难,资深 QA 工程师,5,五度圈 Ab -> Db,wrong,Db major,false,incorrect,5,3,0,2,5,调号反推,五度圈 Ab -> Db|Bb Eb Ab Db Gb Cb -> major,
调号与五度圈速算,困难,吉他乐理老师,1,C# major 调号,F# C# G# D# A# E# B#,F# C# G# D# A# E# B#,true,correct,6,4,1,2,6,调号反推,五度圈 Ab -> Db|Bb Eb Ab Db Gb Cb -> major,
调号与五度圈速算,困难,吉他乐理老师,2,五度圈 E -> B,B major,B major,true,correct,7,5,2,2,7,调号反推,五度圈 Ab -> Db|Bb Eb Ab Db Gb Cb -> major,
调号与五度圈速算,困难,吉他乐理老师,3,Bb Eb Ab Db Gb Cb -> major,Gb major,Gb major,true,correct,8,6,3,3,8,调号反推,五度圈 Ab -> Db,
调号与五度圈速算,困难,吉他乐理老师,4,五度圈 Db -> Gb,Gb major,Gb major,true,correct,9,7,4,4,9,调号反推,五度圈 Ab -> Db,
调号与五度圈速算,困难,吉他乐理老师,5,Cb major 调号,Bb Eb Ab Db Gb Cb Fb,Bb Eb Ab Db Gb Cb Fb,true,correct,10,8,5,5,10,调号反推,五度圈 Ab -> Db,
调号与五度圈速算,困难,零基础真实用户体验官,1,五度圈 Ab -> Db,wrong,Db major,false,incorrect,11,8,0,5,10,五度圈相邻降号调,五度圈 Ab -> Db,
调号与五度圈速算,困难,零基础真实用户体验官,2,Db major 调号,Bb Eb Ab Db Gb,Bb Eb Ab Db Gb,true,correct,12,9,1,5,10,五度圈相邻降号调,五度圈 Ab -> Db,
调号与五度圈速算,困难,零基础真实用户体验官,3,Gb major 调号,Bb Eb Ab Db Gb Cb,Bb Eb Ab Db Gb Cb,true,correct,13,10,2,5,10,五度圈相邻降号调,五度圈 Ab -> Db,
调号与五度圈速算,困难,零基础真实用户体验官,4,五度圈 B -> F#,wrong,F# major,false,incorrect,14,10,0,5,10,五度圈相邻降号调,五度圈 B -> F#|五度圈 Ab -> Db,
调号与五度圈速算,困难,零基础真实用户体验官,5,C# major 调号,F# C# G# D# A# E# B#,F# C# G# D# A# E# B#,true,correct,15,11,1,5,10,五度圈相邻降号调,五度圈 B -> F#|五度圈 Ab -> Db,
调号与五度圈速算,困难,产品评审专家,1,五度圈 E -> B,B major,B major,true,correct,16,12,2,5,10,五度圈相邻降号调,五度圈 B -> F#|五度圈 Ab -> Db,
调号与五度圈速算,困难,产品评审专家,2,五度圈 Ab -> Db,wrong,Db major,false,incorrect,17,12,0,5,10,五度圈相邻降号调,五度圈 Ab -> Db|五度圈 B -> F#,
调号与五度圈速算,困难,产品评审专家,3,Cb major 调号,Bb Eb Ab Db Gb Cb Fb,Bb Eb Ab Db Gb Cb Fb,true,correct,18,13,1,5,10,五度圈相邻降号调,五度圈 Ab -> Db|五度圈 B -> F#,
调号与五度圈速算,困难,产品评审专家,4,B major 调号,F# C# G# D# A#,F# C# G# D# A#,true,correct,19,14,2,5,10,五度圈相邻降号调,五度圈 Ab -> Db|五度圈 B -> F#,
调号与五度圈速算,困难,产品评审专家,5,Db major 调号,Bb Eb Ab Db Gb,Bb Eb Ab Db Gb,true,correct,20,15,3,5,10,五度圈相邻降号调,五度圈 Ab -> Db|五度圈 B -> F#,
调号与五度圈速算,综合,资深 QA 工程师,1,A major 关系小调,F# minor,F# minor,true,correct,1,1,1,1,1,暂无,,
调号与五度圈速算,综合,资深 QA 工程师,2,Bb major 关系小调,wrong,G minor,false,incorrect,2,1,0,1,2,关系大小调,Bb major 关系小调,
调号与五度圈速算,综合,资深 QA 工程师,3,F# C# -> major,D major,D major,true,correct,3,2,1,1,3,关系大小调,Bb major 关系小调,
调号与五度圈速算,综合,资深 QA 工程师,4,F major 关系小调,D minor,D minor,true,correct,4,3,2,2,4,关系大小调,Bb major 关系小调,
调号与五度圈速算,综合,资深 QA 工程师,5,无升降号 -> major,wrong,C major,false,incorrect,5,3,0,2,5,关系大小调,无升降号 -> major|Bb major 关系小调,
调号与五度圈速算,综合,吉他乐理老师,1,Bb Eb Ab -> major,Eb major,Eb major,true,correct,6,4,1,2,6,关系大小调,无升降号 -> major|Bb major 关系小调,
调号与五度圈速算,综合,吉他乐理老师,2,Db major 关系小调,Bb minor,Bb minor,true,correct,7,5,2,2,7,关系大小调,无升降号 -> major|Bb major 关系小调,
调号与五度圈速算,综合,吉他乐理老师,3,Bb major 关系小调,G minor,G minor,true,correct,8,6,3,3,8,关系大小调,无升降号 -> major,
调号与五度圈速算,综合,吉他乐理老师,4,Eb major 关系小调,C minor,C minor,true,correct,9,7,4,4,9,关系大小调,无升降号 -> major,
调号与五度圈速算,综合,吉他乐理老师,5,E major 关系小调,C# minor,C# minor,true,correct,10,8,5,5,10,关系大小调,无升降号 -> major,
调号与五度圈速算,综合,零基础真实用户体验官,1,无升降号 -> major,wrong,C major,false,incorrect,11,8,0,5,10,调号反推,无升降号 -> major,
调号与五度圈速算,综合,零基础真实用户体验官,2,Bb -> major,F major,F major,true,correct,12,9,1,5,10,调号反推,无升降号 -> major,
调号与五度圈速算,综合,零基础真实用户体验官,3,D major 关系小调,B minor,B minor,true,correct,13,10,2,5,10,调号反推,无升降号 -> major,
调号与五度圈速算,综合,零基础真实用户体验官,4,F# C# G# D# -> major,wrong,E major,false,incorrect,14,10,0,5,10,调号反推,F# C# G# D# -> major|无升降号 -> major,
调号与五度圈速算,综合,零基础真实用户体验官,5,Bb Eb -> major,Bb major,Bb major,true,correct,15,11,1,5,10,调号反推,F# C# G# D# -> major|无升降号 -> major,
调号与五度圈速算,综合,产品评审专家,1,Bb Eb Ab Db Gb -> major,Db major,Db major,true,correct,16,12,2,5,10,调号反推,F# C# G# D# -> major|无升降号 -> major,
调号与五度圈速算,综合,产品评审专家,2,无升降号 -> major,wrong,C major,false,incorrect,17,12,0,5,10,调号反推,无升降号 -> major|F# C# G# D# -> major,
调号与五度圈速算,综合,产品评审专家,3,Bb Eb Ab -> major,Eb major,Eb major,true,correct,18,13,1,5,10,调号反推,无升降号 -> major|F# C# G# D# -> major,
调号与五度圈速算,综合,产品评审专家,4,F# C# G# D# A# -> major,B major,B major,true,correct,19,14,2,5,10,调号反推,无升降号 -> major|F# C# G# D# -> major,
调号与五度圈速算,综合,产品评审专家,5,F# C# G# D# -> major,E major,E major,true,correct,20,15,3,5,10,调号反推,无升降号 -> major,
关系大小调与五声音阶,简单,资深 QA 工程师,1,F major 关系小调,D minor,D minor,true,correct,1,1,1,1,1,暂无,,
关系大小调与五声音阶,简单,资深 QA 工程师,2,C major 关系小调,wrong,A minor,false,incorrect,2,1,0,1,2,关系大小调,C major 关系小调,
关系大小调与五声音阶,简单,资深 QA 工程师,3,A minor 关系大调,C major,C major,true,correct,3,2,1,1,3,关系大小调,C major 关系小调,
关系大小调与五声音阶,简单,资深 QA 工程师,4,D minor 关系大调,F major,F major,true,correct,4,3,2,2,4,关系大小调,C major 关系小调,
关系大小调与五声音阶,简单,资深 QA 工程师,5,G major 关系小调,wrong,E minor,false,incorrect,5,3,0,2,5,关系大小调,G major 关系小调|C major 关系小调,
关系大小调与五声音阶,简单,吉他乐理老师,1,E minor 关系大调,G major,G major,true,correct,6,4,1,2,6,关系大小调,G major 关系小调|C major 关系小调,
关系大小调与五声音阶,简单,吉他乐理老师,2,F major 关系小调,D minor,D minor,true,correct,7,5,2,2,7,关系大小调,G major 关系小调|C major 关系小调,
关系大小调与五声音阶,简单,吉他乐理老师,3,C major 关系小调,A minor,A minor,true,correct,8,6,3,3,8,关系大小调,G major 关系小调,
关系大小调与五声音阶,简单,吉他乐理老师,4,A minor 关系大调,C major,C major,true,correct,9,7,4,4,9,关系大小调,G major 关系小调,
关系大小调与五声音阶,简单,吉他乐理老师,5,D minor 关系大调,F major,F major,true,correct,10,8,5,5,10,关系大小调,G major 关系小调,
关系大小调与五声音阶,简单,零基础真实用户体验官,1,G major 关系小调,wrong,E minor,false,incorrect,11,8,0,5,10,关系大小调,G major 关系小调,
关系大小调与五声音阶,简单,零基础真实用户体验官,2,E minor 关系大调,G major,G major,true,correct,12,9,1,5,10,关系大小调,G major 关系小调,
关系大小调与五声音阶,简单,零基础真实用户体验官,3,F major 关系小调,D minor,D minor,true,correct,13,10,2,5,10,关系大小调,G major 关系小调,
关系大小调与五声音阶,简单,零基础真实用户体验官,4,C major 关系小调,wrong,A minor,false,incorrect,14,10,0,5,10,关系大小调,C major 关系小调|G major 关系小调,
关系大小调与五声音阶,简单,零基础真实用户体验官,5,A minor 关系大调,C major,C major,true,correct,15,11,1,5,10,关系大小调,C major 关系小调|G major 关系小调,
关系大小调与五声音阶,简单,产品评审专家,1,D minor 关系大调,F major,F major,true,correct,16,12,2,5,10,关系大小调,C major 关系小调|G major 关系小调,
关系大小调与五声音阶,简单,产品评审专家,2,G major 关系小调,wrong,E minor,false,incorrect,17,12,0,5,10,关系大小调,G major 关系小调|C major 关系小调,
关系大小调与五声音阶,简单,产品评审专家,3,E minor 关系大调,G major,G major,true,correct,18,13,1,5,10,关系大小调,G major 关系小调|C major 关系小调,
关系大小调与五声音阶,简单,产品评审专家,4,F major 关系小调,D minor,D minor,true,correct,19,14,2,5,10,关系大小调,G major 关系小调|C major 关系小调,
关系大小调与五声音阶,简单,产品评审专家,5,C major 关系小调,A minor,A minor,true,correct,20,15,3,5,10,关系大小调,G major 关系小调,
关系大小调与五声音阶,中等,资深 QA 工程师,1,A 小调五声,A C D E G,A C D E G,true,correct,1,1,1,1,1,暂无,,
关系大小调与五声音阶,中等,资深 QA 工程师,2,G 大调五声,wrong,G A B D E,false,incorrect,2,1,0,1,2,大调五声,G 大调五声,
关系大小调与五声音阶,中等,资深 QA 工程师,3,F 大调五声,F G A C D,F G A C D,true,correct,3,2,1,1,3,大调五声,G 大调五声,
关系大小调与五声音阶,中等,资深 QA 工程师,4,C 大调五声,C D E G A,C D E G A,true,correct,4,3,2,2,4,大调五声,G 大调五声,
关系大小调与五声音阶,中等,资深 QA 工程师,5,D 小调五声,wrong,D F G A C,false,incorrect,5,3,0,2,5,大调五声,D 小调五声|G 大调五声,
关系大小调与五声音阶,中等,吉他乐理老师,1,E 小调五声,E G A B D,E G A B D,true,correct,6,4,1,2,6,大调五声,D 小调五声|G 大调五声,
关系大小调与五声音阶,中等,吉他乐理老师,2,A 小调五声,A C D E G,A C D E G,true,correct,7,5,2,2,7,大调五声,D 小调五声|G 大调五声,
关系大小调与五声音阶,中等,吉他乐理老师,3,G 大调五声,G A B D E,G A B D E,true,correct,8,6,3,3,8,大调五声,D 小调五声,
关系大小调与五声音阶,中等,吉他乐理老师,4,F 大调五声,F G A C D,F G A C D,true,correct,9,7,4,4,9,大调五声,D 小调五声,
关系大小调与五声音阶,中等,吉他乐理老师,5,C 大调五声,C D E G A,C D E G A,true,correct,10,8,5,5,10,大调五声,D 小调五声,
关系大小调与五声音阶,中等,零基础真实用户体验官,1,D 小调五声,wrong,D F G A C,false,incorrect,11,8,0,5,10,小调五声,D 小调五声,
关系大小调与五声音阶,中等,零基础真实用户体验官,2,E 小调五声,E G A B D,E G A B D,true,correct,12,9,1,5,10,小调五声,D 小调五声,
关系大小调与五声音阶,中等,零基础真实用户体验官,3,A 小调五声,A C D E G,A C D E G,true,correct,13,10,2,5,10,小调五声,D 小调五声,
关系大小调与五声音阶,中等,零基础真实用户体验官,4,G 大调五声,wrong,G A B D E,false,incorrect,14,10,0,5,10,大调五声,G 大调五声|D 小调五声,
关系大小调与五声音阶,中等,零基础真实用户体验官,5,F 大调五声,F G A C D,F G A C D,true,correct,15,11,1,5,10,大调五声,G 大调五声|D 小调五声,
关系大小调与五声音阶,中等,产品评审专家,1,C 大调五声,C D E G A,C D E G A,true,correct,16,12,2,5,10,大调五声,G 大调五声|D 小调五声,
关系大小调与五声音阶,中等,产品评审专家,2,D 小调五声,wrong,D F G A C,false,incorrect,17,12,0,5,10,小调五声,D 小调五声|G 大调五声,
关系大小调与五声音阶,中等,产品评审专家,3,E 小调五声,E G A B D,E G A B D,true,correct,18,13,1,5,10,小调五声,D 小调五声|G 大调五声,
关系大小调与五声音阶,中等,产品评审专家,4,A 小调五声,A C D E G,A C D E G,true,correct,19,14,2,5,10,小调五声,D 小调五声|G 大调五声,
关系大小调与五声音阶,中等,产品评审专家,5,G 大调五声,G A B D E,G A B D E,true,correct,20,15,3,5,10,小调五声,D 小调五声,
关系大小调与五声音阶,困难,资深 QA 工程师,1,Eb major 关系小调,C minor,C minor,true,correct,1,1,1,1,1,暂无,,
关系大小调与五声音阶,困难,资深 QA 工程师,2,Bb major 关系小调,wrong,G minor,false,incorrect,2,1,0,1,2,关系大小调,Bb major 关系小调,
关系大小调与五声音阶,困难,资深 QA 工程师,3,C 小调五声,C Eb F G Bb,C Eb F G Bb,true,correct,3,2,1,1,3,关系大小调,Bb major 关系小调,
关系大小调与五声音阶,困难,资深 QA 工程师,4,E major 关系小调,C# minor,C# minor,true,correct,4,3,2,2,4,关系大小调,Bb major 关系小调,
关系大小调与五声音阶,困难,资深 QA 工程师,5,F# 小调五声,wrong,F# A B C# E,false,incorrect,5,3,0,2,5,关系大小调,F# 小调五声|Bb major 关系小调,
关系大小调与五声音阶,困难,吉他乐理老师,1,A major 关系小调,F# minor,F# minor,true,correct,6,4,1,2,6,关系大小调,F# 小调五声|Bb major 关系小调,
关系大小调与五声音阶,困难,吉他乐理老师,2,Bb 大调五声,Bb C D F G,Bb C D F G,true,correct,7,5,2,2,7,关系大小调,F# 小调五声|Bb major 关系小调,
关系大小调与五声音阶,困难,吉他乐理老师,3,Bb major 关系小调,G minor,G minor,true,correct,8,6,3,3,8,关系大小调,F# 小调五声,
关系大小调与五声音阶,困难,吉他乐理老师,4,C# 小调五声,C# E F# G# B,C# E F# G# B,true,correct,9,7,4,4,9,关系大小调,F# 小调五声,
关系大小调与五声音阶,困难,吉他乐理老师,5,E major 关系小调,C# minor,C# minor,true,correct,10,8,5,5,10,关系大小调,F# 小调五声,
关系大小调与五声音阶,困难,零基础真实用户体验官,1,E 大调五声,wrong,E F# G# B C#,false,incorrect,11,8,0,5,10,关系大小调,E 大调五声|F# 小调五声,
关系大小调与五声音阶,困难,零基础真实用户体验官,2,A major 关系小调,F# minor,F# minor,true,correct,12,9,1,5,10,关系大小调,E 大调五声|F# 小调五声,
关系大小调与五声音阶,困难,零基础真实用户体验官,3,C 小调五声,C Eb F G Bb,C Eb F G Bb,true,correct,13,10,2,5,10,关系大小调,E 大调五声|F# 小调五声,
关系大小调与五声音阶,困难,零基础真实用户体验官,4,F# 小调五声,wrong,F# A B C# E,false,incorrect,14,10,0,5,10,小调五声,F# 小调五声|E 大调五声,
关系大小调与五声音阶,困难,零基础真实用户体验官,5,Bb 大调五声,Bb C D F G,Bb C D F G,true,correct,15,11,1,5,10,小调五声,F# 小调五声|E 大调五声,
关系大小调与五声音阶,困难,产品评审专家,1,Eb 大调五声,Eb F G Bb C,Eb F G Bb C,true,correct,16,12,2,5,10,小调五声,F# 小调五声|E 大调五声,
关系大小调与五声音阶,困难,产品评审专家,2,E 大调五声,wrong,E F# G# B C#,false,incorrect,17,12,0,5,10,小调五声,E 大调五声|F# 小调五声,
关系大小调与五声音阶,困难,产品评审专家,3,A major 关系小调,F# minor,F# minor,true,correct,18,13,1,5,10,小调五声,E 大调五声|F# 小调五声,
关系大小调与五声音阶,困难,产品评审专家,4,Bb major 关系小调,G minor,G minor,true,correct,19,14,2,5,10,小调五声,E 大调五声|F# 小调五声,
关系大小调与五声音阶,困难,产品评审专家,5,C# 小调五声,C# E F# G# B,C# E F# G# B,true,correct,20,15,3,5,10,小调五声,E 大调五声|F# 小调五声,
关系大小调与五声音阶,综合,资深 QA 工程师,1,A C D E G,A minor C major,A minor / C major,true,correct,1,1,1,1,1,暂无,,
关系大小调与五声音阶,综合,资深 QA 工程师,2,E G A B D,wrong,E minor / G major,false,incorrect,2,1,0,1,2,五声中心,E G A B D,
关系大小调与五声音阶,综合,资深 QA 工程师,3,F# A B C# E,F# minor A major,F# minor / A major,true,correct,3,2,1,1,3,五声中心,E G A B D,
关系大小调与五声音阶,综合,资深 QA 工程师,4,G Bb C D F,G minor Bb major,G minor / Bb major,true,correct,4,3,2,2,4,五声中心,E G A B D,
关系大小调与五声音阶,综合,资深 QA 工程师,5,C Eb F G Bb,wrong,C minor / Eb major,false,incorrect,5,3,0,2,5,五声中心,C Eb F G Bb|E G A B D,
关系大小调与五声音阶,综合,吉他乐理老师,1,D F G A C,D minor F major,D minor / F major,true,correct,6,4,1,2,6,五声中心,C Eb F G Bb|E G A B D,
关系大小调与五声音阶,综合,吉他乐理老师,2,A C D E G,A minor C major,A minor / C major,true,correct,7,5,2,2,7,五声中心,C Eb F G Bb|E G A B D,
关系大小调与五声音阶,综合,吉他乐理老师,3,E G A B D,E minor G major,E minor / G major,true,correct,8,6,3,3,8,五声中心,C Eb F G Bb,
关系大小调与五声音阶,综合,吉他乐理老师,4,F# A B C# E,F# minor A major,F# minor / A major,true,correct,9,7,4,4,9,五声中心,C Eb F G Bb,
关系大小调与五声音阶,综合,吉他乐理老师,5,G Bb C D F,G minor Bb major,G minor / Bb major,true,correct,10,8,5,5,10,五声中心,C Eb F G Bb,
关系大小调与五声音阶,综合,零基础真实用户体验官,1,C Eb F G Bb,wrong,C minor / Eb major,false,incorrect,11,8,0,5,10,五声中心,C Eb F G Bb,
关系大小调与五声音阶,综合,零基础真实用户体验官,2,D F G A C,D minor F major,D minor / F major,true,correct,12,9,1,5,10,五声中心,C Eb F G Bb,
关系大小调与五声音阶,综合,零基础真实用户体验官,3,A C D E G,A minor C major,A minor / C major,true,correct,13,10,2,5,10,五声中心,C Eb F G Bb,
关系大小调与五声音阶,综合,零基础真实用户体验官,4,E G A B D,wrong,E minor / G major,false,incorrect,14,10,0,5,10,五声中心,E G A B D|C Eb F G Bb,
关系大小调与五声音阶,综合,零基础真实用户体验官,5,F# A B C# E,F# minor A major,F# minor / A major,true,correct,15,11,1,5,10,五声中心,E G A B D|C Eb F G Bb,
关系大小调与五声音阶,综合,产品评审专家,1,G Bb C D F,G minor Bb major,G minor / Bb major,true,correct,16,12,2,5,10,五声中心,E G A B D|C Eb F G Bb,
关系大小调与五声音阶,综合,产品评审专家,2,C Eb F G Bb,wrong,C minor / Eb major,false,incorrect,17,12,0,5,10,五声中心,C Eb F G Bb|E G A B D,
关系大小调与五声音阶,综合,产品评审专家,3,D F G A C,D minor F major,D minor / F major,true,correct,18,13,1,5,10,五声中心,C Eb F G Bb|E G A B D,
关系大小调与五声音阶,综合,产品评审专家,4,A C D E G,A minor C major,A minor / C major,true,correct,19,14,2,5,10,五声中心,C Eb F G Bb|E G A B D,
关系大小调与五声音阶,综合,产品评审专家,5,E G A B D,E minor G major,E minor / G major,true,correct,20,15,3,5,10,五声中心,C Eb F G Bb,
自然小调与和声小调功能,简单,资深 QA 工程师,1,D自然小调,D E F G A Bb C,D E F G A Bb C,true,correct,1,1,1,1,1,暂无,,
自然小调与和声小调功能,简单,资深 QA 工程师,2,A和声小调,wrong,A B C D E F G#,false,incorrect,2,1,0,1,2,和声小调,A和声小调,
自然小调与和声小调功能,简单,资深 QA 工程师,3,E和声小调,E F# G A B C D#,E F# G A B C D#,true,correct,3,2,1,1,3,和声小调,A和声小调,
自然小调与和声小调功能,简单,资深 QA 工程师,4,A自然小调,A B C D E F G,A B C D E F G,true,correct,4,3,2,2,4,和声小调,A和声小调,
自然小调与和声小调功能,简单,资深 QA 工程师,5,E自然小调,wrong,E F# G A B C D,false,incorrect,5,3,0,2,5,和声小调,E自然小调|A和声小调,
自然小调与和声小调功能,简单,吉他乐理老师,1,D和声小调,D E F G A Bb C#,D E F G A Bb C#,true,correct,6,4,1,2,6,和声小调,E自然小调|A和声小调,
自然小调与和声小调功能,简单,吉他乐理老师,2,D自然小调,D E F G A Bb C,D E F G A Bb C,true,correct,7,5,2,2,7,和声小调,E自然小调|A和声小调,
自然小调与和声小调功能,简单,吉他乐理老师,3,A和声小调,A B C D E F G#,A B C D E F G#,true,correct,8,6,3,3,8,和声小调,E自然小调,
自然小调与和声小调功能,简单,吉他乐理老师,4,E和声小调,E F# G A B C D#,E F# G A B C D#,true,correct,9,7,4,4,9,和声小调,E自然小调,
自然小调与和声小调功能,简单,吉他乐理老师,5,A自然小调,A B C D E F G,A B C D E F G,true,correct,10,8,5,5,10,和声小调,E自然小调,
自然小调与和声小调功能,简单,零基础真实用户体验官,1,E自然小调,wrong,E F# G A B C D,false,incorrect,11,8,0,5,10,自然小调,E自然小调,
自然小调与和声小调功能,简单,零基础真实用户体验官,2,D和声小调,D E F G A Bb C#,D E F G A Bb C#,true,correct,12,9,1,5,10,自然小调,E自然小调,
自然小调与和声小调功能,简单,零基础真实用户体验官,3,D自然小调,D E F G A Bb C,D E F G A Bb C,true,correct,13,10,2,5,10,自然小调,E自然小调,
自然小调与和声小调功能,简单,零基础真实用户体验官,4,A和声小调,wrong,A B C D E F G#,false,incorrect,14,10,0,5,10,和声小调,A和声小调|E自然小调,
自然小调与和声小调功能,简单,零基础真实用户体验官,5,E和声小调,E F# G A B C D#,E F# G A B C D#,true,correct,15,11,1,5,10,和声小调,A和声小调|E自然小调,
自然小调与和声小调功能,简单,产品评审专家,1,A自然小调,A B C D E F G,A B C D E F G,true,correct,16,12,2,5,10,和声小调,A和声小调|E自然小调,
自然小调与和声小调功能,简单,产品评审专家,2,E自然小调,wrong,E F# G A B C D,false,incorrect,17,12,0,5,10,自然小调,E自然小调|A和声小调,
自然小调与和声小调功能,简单,产品评审专家,3,D和声小调,D E F G A Bb C#,D E F G A Bb C#,true,correct,18,13,1,5,10,自然小调,E自然小调|A和声小调,
自然小调与和声小调功能,简单,产品评审专家,4,D自然小调,D E F G A Bb C,D E F G A Bb C,true,correct,19,14,2,5,10,自然小调,E自然小调|A和声小调,
自然小调与和声小调功能,简单,产品评审专家,5,A和声小调,A B C D E F G#,A B C D E F G#,true,correct,20,15,3,5,10,自然小调,E自然小调,
自然小调与和声小调功能,中等,资深 QA 工程师,1,A小调 vii°7,G#dim7,G#°7,true,correct,1,1,1,1,1,暂无,,
自然小调与和声小调功能,中等,资深 QA 工程师,2,A小调为何升7级,wrong,制造导音让V7更强地回到i,false,incorrect,2,1,0,1,2,和声小调功能,A小调为何升7级,
自然小调与和声小调功能,中等,资深 QA 工程师,3,A小调 V7,E7,E7,true,correct,3,2,1,1,3,和声小调功能,A小调为何升7级,
自然小调与和声小调功能,中等,资深 QA 工程师,4,A小调 v7,Em7,Em7,true,correct,4,3,2,2,4,和声小调功能,A小调为何升7级,
自然小调与和声小调功能,中等,资深 QA 工程师,5,A小调为何升7级,wrong,制造导音让V7更强地回到i,false,incorrect,5,3,0,2,5,和声小调功能,A小调为何升7级,
自然小调与和声小调功能,中等,吉他乐理老师,1,A小调 vii°7,G#dim7,G#°7,true,correct,6,4,1,2,6,和声小调功能,A小调为何升7级,
自然小调与和声小调功能,中等,吉他乐理老师,2,A小调 v7,Em7,Em7,true,correct,7,5,2,2,7,和声小调功能,A小调为何升7级,
自然小调与和声小调功能,中等,吉他乐理老师,3,A小调为何升7级,leading tone,制造导音让V7更强地回到i,true,correct,8,6,3,3,8,和声小调功能,,
自然小调与和声小调功能,中等,吉他乐理老师,4,A小调 V7,E7,E7,true,correct,9,7,4,4,9,和声小调功能,,
自然小调与和声小调功能,中等,吉他乐理老师,5,A小调 vii°7,G#dim7,G#°7,true,correct,10,8,5,5,10,和声小调功能,,
自然小调与和声小调功能,中等,零基础真实用户体验官,1,A小调 V7,wrong,E7,false,incorrect,11,8,0,5,10,和声小调功能,A小调 V7,
自然小调与和声小调功能,中等,零基础真实用户体验官,2,A小调 vii°7,G#dim7,G#°7,true,correct,12,9,1,5,10,和声小调功能,A小调 V7,
自然小调与和声小调功能,中等,零基础真实用户体验官,3,A小调 V7,E7,E7,true,correct,13,10,2,5,10,和声小调功能,,
自然小调与和声小调功能,中等,零基础真实用户体验官,4,A小调 vii°7,wrong,G#°7,false,incorrect,14,10,0,5,10,和声小调功能,A小调 vii°7,
自然小调与和声小调功能,中等,零基础真实用户体验官,5,A小调为何升7级,leading tone,制造导音让V7更强地回到i,true,correct,15,11,1,5,10,和声小调功能,A小调 vii°7,
自然小调与和声小调功能,中等,产品评审专家,1,A小调 vii°7,G#dim7,G#°7,true,correct,16,12,2,5,10,和声小调功能,,
自然小调与和声小调功能,中等,产品评审专家,2,A小调 V7,wrong,E7,false,incorrect,17,12,0,5,10,和声小调功能,A小调 V7,
自然小调与和声小调功能,中等,产品评审专家,3,A小调为何升7级,leading tone,制造导音让V7更强地回到i,true,correct,18,13,1,5,10,和声小调功能,A小调 V7,
自然小调与和声小调功能,中等,产品评审专家,4,A小调 V7,E7,E7,true,correct,19,14,2,5,10,和声小调功能,,
自然小调与和声小调功能,中等,产品评审专家,5,A小调 vii°7,G#dim7,G#°7,true,correct,20,15,3,5,10,和声小调功能,,
自然小调与和声小调功能,困难,资深 QA 工程师,1,D小调 v7,Am7,Am7,true,correct,1,1,1,1,1,暂无,,
自然小调与和声小调功能,困难,资深 QA 工程师,2,C小调 vii°7,wrong,B°7,false,incorrect,2,1,0,1,2,导音减七,C小调 vii°7,
自然小调与和声小调功能,困难,资深 QA 工程师,3,G小调 v7,Dm7,Dm7,true,correct,3,2,1,1,3,导音减七,C小调 vii°7,
自然小调与和声小调功能,困难,资深 QA 工程师,4,D小调 vii°7,C#dim7,C#°7,true,correct,4,3,2,2,4,导音减七,C小调 vii°7,
自然小调与和声小调功能,困难,资深 QA 工程师,5,C小调 V7,wrong,G7,false,incorrect,5,3,0,2,5,导音减七,C小调 V7|C小调 vii°7,
自然小调与和声小调功能,困难,吉他乐理老师,1,E小调 V7,B7,B7,true,correct,6,4,1,2,6,导音减七,C小调 V7|C小调 vii°7,
自然小调与和声小调功能,困难,吉他乐理老师,2,D小调 v7,Am7,Am7,true,correct,7,5,2,2,7,导音减七,C小调 V7|C小调 vii°7,
自然小调与和声小调功能,困难,吉他乐理老师,3,D小调 V7,A7,A7,true,correct,8,6,3,3,8,导音减七,C小调 V7|C小调 vii°7,
自然小调与和声小调功能,困难,吉他乐理老师,4,C小调 vii°7,Bdim7,B°7,true,correct,9,7,4,4,9,导音减七,C小调 V7,
自然小调与和声小调功能,困难,吉他乐理老师,5,E小调 v7,Bm7,Bm7,true,correct,10,8,5,5,10,导音减七,C小调 V7,
自然小调与和声小调功能,困难,零基础真实用户体验官,1,C小调 V7,wrong,G7,false,incorrect,11,8,0,5,10,小调属功能,C小调 V7,
自然小调与和声小调功能,困难,零基础真实用户体验官,2,E小调 V7,B7,B7,true,correct,12,9,1,5,10,小调属功能,C小调 V7,
自然小调与和声小调功能,困难,零基础真实用户体验官,3,C小调 v7,Gm7,Gm7,true,correct,13,10,2,5,10,小调属功能,C小调 V7,
自然小调与和声小调功能,困难,零基础真实用户体验官,4,D小调 v7,wrong,Am7,false,incorrect,14,10,0,5,10,小调属功能,D小调 v7|C小调 V7,
自然小调与和声小调功能,困难,零基础真实用户体验官,5,D小调 vii°7,C#dim7,C#°7,true,correct,15,11,1,5,10,小调属功能,D小调 v7|C小调 V7,
自然小调与和声小调功能,困难,产品评审专家,1,D小调 V7,A7,A7,true,correct,16,12,2,5,10,小调属功能,D小调 v7|C小调 V7,
自然小调与和声小调功能,困难,产品评审专家,2,C小调 V7,wrong,G7,false,incorrect,17,12,0,5,10,小调属功能,C小调 V7|D小调 v7,
自然小调与和声小调功能,困难,产品评审专家,3,G小调 v7,Dm7,Dm7,true,correct,18,13,1,5,10,小调属功能,C小调 V7|D小调 v7,
自然小调与和声小调功能,困难,产品评审专家,4,E小调 vii°7,D#dim7,D#°7,true,correct,19,14,2,5,10,小调属功能,C小调 V7|D小调 v7,
自然小调与和声小调功能,困难,产品评审专家,5,D小调 v7,Am7,Am7,true,correct,20,15,3,5,10,小调属功能,C小调 V7,
自然小调与和声小调功能,综合,资深 QA 工程师,1,F#°7 功能,D7(b9),省略根音的 D7(b9),true,correct,1,1,1,1,1,暂无,,
自然小调与和声小调功能,综合,资深 QA 工程师,2,G#°7 功能,wrong,省略根音的 E7(b9),false,incorrect,2,1,0,1,2,导音减七,G#°7 功能,
自然小调与和声小调功能,综合,资深 QA 工程师,3,D#°7 功能,B7(b9),省略根音的 B7(b9),true,correct,3,2,1,1,3,导音减七,G#°7 功能,
自然小调与和声小调功能,综合,资深 QA 工程师,4,C#°7 功能,A7(b9),省略根音的 A7(b9),true,correct,4,3,2,2,4,导音减七,G#°7 功能,
自然小调与和声小调功能,综合,资深 QA 工程师,5,B°7 功能,wrong,省略根音的 G7(b9),false,incorrect,5,3,0,2,5,导音减七,B°7 功能|G#°7 功能,
自然小调与和声小调功能,综合,吉他乐理老师,1,G#°7 功能,E7(b9),省略根音的 E7(b9),true,correct,6,4,1,2,6,导音减七,B°7 功能,
自然小调与和声小调功能,综合,吉他乐理老师,2,B°7 功能,G7(b9),省略根音的 G7(b9),true,correct,7,5,2,2,7,导音减七,,
自然小调与和声小调功能,综合,吉他乐理老师,3,C#°7 功能,A7(b9),省略根音的 A7(b9),true,correct,8,6,3,3,8,导音减七,,
自然小调与和声小调功能,综合,吉他乐理老师,4,G#°7 功能,E7(b9),省略根音的 E7(b9),true,correct,9,7,4,4,9,导音减七,,
自然小调与和声小调功能,综合,吉他乐理老师,5,D#°7 功能,B7(b9),省略根音的 B7(b9),true,correct,10,8,5,5,10,导音减七,,
自然小调与和声小调功能,综合,零基础真实用户体验官,1,C#°7 功能,wrong,省略根音的 A7(b9),false,incorrect,11,8,0,5,10,导音减七,C#°7 功能,
自然小调与和声小调功能,综合,零基础真实用户体验官,2,G#°7 功能,E7(b9),省略根音的 E7(b9),true,correct,12,9,1,5,10,导音减七,C#°7 功能,
自然小调与和声小调功能,综合,零基础真实用户体验官,3,C#°7 功能,A7(b9),省略根音的 A7(b9),true,correct,13,10,2,5,10,导音减七,,
自然小调与和声小调功能,综合,零基础真实用户体验官,4,D#°7 功能,wrong,省略根音的 B7(b9),false,incorrect,14,10,0,5,10,导音减七,D#°7 功能,
自然小调与和声小调功能,综合,零基础真实用户体验官,5,B°7 功能,G7(b9),省略根音的 G7(b9),true,correct,15,11,1,5,10,导音减七,D#°7 功能,
自然小调与和声小调功能,综合,产品评审专家,1,F#°7 功能,D7(b9),省略根音的 D7(b9),true,correct,16,12,2,5,10,导音减七,D#°7 功能,
自然小调与和声小调功能,综合,产品评审专家,2,D#°7 功能,wrong,省略根音的 B7(b9),false,incorrect,17,12,0,5,10,导音减七,D#°7 功能,
自然小调与和声小调功能,综合,产品评审专家,3,C#°7 功能,A7(b9),省略根音的 A7(b9),true,correct,18,13,1,5,10,导音减七,D#°7 功能,
自然小调与和声小调功能,综合,产品评审专家,4,D#°7 功能,B7(b9),省略根音的 B7(b9),true,correct,19,14,2,5,10,导音减七,,
自然小调与和声小调功能,综合,产品评审专家,5,G#°7 功能,E7(b9),省略根音的 E7(b9),true,correct,20,15,3,5,10,导音减七,,
借用和弦判断,简单,资深 QA 工程师,1,Ebmaj7,不属于,不属于,true,correct,1,1,1,1,1,暂无,,
借用和弦判断,简单,资深 QA 工程师,2,G7,不属于,属于,false,incorrect,2,1,0,1,2,C 内外,G7,
借用和弦判断,简单,资深 QA 工程师,3,Abmaj7,不属于,不属于,true,correct,3,2,1,1,3,C 内外,G7,
借用和弦判断,简单,资深 QA 工程师,4,Fmaj7,属于,属于,true,correct,4,3,2,2,4,C 内外,G7,
借用和弦判断,简单,资深 QA 工程师,5,G7,不属于,属于,false,incorrect,5,3,0,2,5,C 内外,G7,
借用和弦判断,简单,吉他乐理老师,1,Abmaj7,不属于,不属于,true,correct,6,4,1,2,6,C 内外,G7,
借用和弦判断,简单,吉他乐理老师,2,Ebmaj7,不属于,不属于,true,correct,7,5,2,2,7,C 内外,G7,
借用和弦判断,简单,吉他乐理老师,3,Abmaj7,不属于,不属于,true,correct,8,6,3,3,8,C 内外,G7,
借用和弦判断,简单,吉他乐理老师,4,G7,属于,属于,true,correct,9,7,4,4,9,C 内外,,
借用和弦判断,简单,吉他乐理老师,5,Abmaj7,不属于,不属于,true,correct,10,8,5,5,10,C 内外,,
借用和弦判断,简单,零基础真实用户体验官,1,G7,不属于,属于,false,incorrect,11,8,0,5,10,C 内外,G7,
借用和弦判断,简单,零基础真实用户体验官,2,Ebmaj7,不属于,不属于,true,correct,12,9,1,5,10,C 内外,G7,
借用和弦判断,简单,零基础真实用户体验官,3,G7,属于,属于,true,correct,13,10,2,5,10,C 内外,,
借用和弦判断,简单,零基础真实用户体验官,4,Ebmaj7,属于,不属于,false,incorrect,14,10,0,5,10,C 内外,Ebmaj7,
借用和弦判断,简单,零基础真实用户体验官,5,Fmaj7,属于,属于,true,correct,15,11,1,5,10,C 内外,Ebmaj7,
借用和弦判断,简单,产品评审专家,1,G7,属于,属于,true,correct,16,12,2,5,10,C 内外,Ebmaj7,
借用和弦判断,简单,产品评审专家,2,Ebmaj7,属于,不属于,false,incorrect,17,12,0,5,10,C 内外,Ebmaj7,
借用和弦判断,简单,产品评审专家,3,Abmaj7,不属于,不属于,true,correct,18,13,1,5,10,C 内外,Ebmaj7,
借用和弦判断,简单,产品评审专家,4,Ebmaj7,不属于,不属于,true,correct,19,14,2,5,10,C 内外,,
借用和弦判断,简单,产品评审专家,5,G7,属于,属于,true,correct,20,15,3,5,10,C 内外,,
借用和弦判断,中等,资深 QA 工程师,1,C 的 bVII7,Bb7,Bb7,true,correct,1,1,1,1,1,暂无,,
借用和弦判断,中等,资深 QA 工程师,2,C 的 bVII,wrong,Bb,false,incorrect,2,1,0,1,2,借用 bVII,C 的 bVII,
借用和弦判断,中等,资深 QA 工程师,3,C 的 bIIImaj7,Ebmaj7,Ebmaj7,true,correct,3,2,1,1,3,借用 bVII,C 的 bVII,
借用和弦判断,中等,资深 QA 工程师,4,C 的 iv,Fm,Fm,true,correct,4,3,2,2,4,借用 bVII,C 的 bVII,
借用和弦判断,中等,资深 QA 工程师,5,C 的 bVImaj7,wrong,Abmaj7,false,incorrect,5,3,0,2,5,借用 bVII,C 的 bVImaj7|C 的 bVII,
借用和弦判断,中等,吉他乐理老师,1,C 的 bVII,Bb,Bb,true,correct,6,4,1,2,6,借用 bVII,C 的 bVImaj7,
借用和弦判断,中等,吉他乐理老师,2,C 的 bVImaj7,Abmaj7,Abmaj7,true,correct,7,5,2,2,7,借用 bVII,,
借用和弦判断,中等,吉他乐理老师,3,C 的 bVII7,Bb7,Bb7,true,correct,8,6,3,3,8,借用 bVII,,
借用和弦判断,中等,吉他乐理老师,4,C 的 bIIImaj7,Ebmaj7,Ebmaj7,true,correct,9,7,4,4,9,借用 bVII,,
借用和弦判断,中等,吉他乐理老师,5,C 的 bVII7,Bb7,Bb7,true,correct,10,8,5,5,10,借用 bVII,,
借用和弦判断,中等,零基础真实用户体验官,1,C 的 bIIImaj7,wrong,Ebmaj7,false,incorrect,11,8,0,5,10,借用 bVII,C 的 bIIImaj7,
借用和弦判断,中等,零基础真实用户体验官,2,C 的 iv,Fm,Fm,true,correct,12,9,1,5,10,借用 bVII,C 的 bIIImaj7,
借用和弦判断,中等,零基础真实用户体验官,3,C 的 bVImaj7,Abmaj7,Abmaj7,true,correct,13,10,2,5,10,借用 bVII,C 的 bIIImaj7,
借用和弦判断,中等,零基础真实用户体验官,4,C 的 iv,wrong,Fm,false,incorrect,14,10,0,5,10,借用 bVII,C 的 iv|C 的 bIIImaj7,
借用和弦判断,中等,零基础真实用户体验官,5,C 的 bVImaj7,Abmaj7,Abmaj7,true,correct,15,11,1,5,10,借用 bVII,C 的 iv|C 的 bIIImaj7,
借用和弦判断,中等,产品评审专家,1,C 的 iv,Fm,Fm,true,correct,16,12,2,5,10,借用 bVII,C 的 bIIImaj7,
借用和弦判断,中等,产品评审专家,2,C 的 bVII7,wrong,Bb7,false,incorrect,17,12,0,5,10,借用 bVII,C 的 bVII7|C 的 bIIImaj7,
借用和弦判断,中等,产品评审专家,3,C 的 bIIImaj7,Ebmaj7,Ebmaj7,true,correct,18,13,1,5,10,借用 bVII,C 的 bVII7,
借用和弦判断,中等,产品评审专家,4,C 的 bVII7,Bb7,Bb7,true,correct,19,14,2,5,10,借用 bVII,,
借用和弦判断,中等,产品评审专家,5,C 的 iv,Fm,Fm,true,correct,20,15,3,5,10,借用 bVII,,
借用和弦判断,困难,资深 QA 工程师,1,G bVII,F,F,true,correct,1,1,1,1,1,暂无,,
借用和弦判断,困难,资深 QA 工程师,2,C bVII,wrong,Bb,false,incorrect,2,1,0,1,2,借用 bVII,C bVII,
借用和弦判断,困难,资深 QA 工程师,3,F bVII,Eb,Eb,true,correct,3,2,1,1,3,借用 bVII,C bVII,
借用和弦判断,困难,资深 QA 工程师,4,Cmaj7 Ebmaj7 Abmaj7 Gm7,Ebmaj7 Abmaj7 Gm7,Ebmaj7 Abmaj7 Gm7,true,correct,4,3,2,2,4,借用 bVII,C bVII,
借用和弦判断,困难,资深 QA 工程师,5,G IV-iv,wrong,Cm,false,incorrect,5,3,0,2,5,借用 bVII,G IV-iv|C bVII,
借用和弦判断,困难,吉他乐理老师,1,C IV-iv,Fm,Fm,true,correct,6,4,1,2,6,借用 bVII,G IV-iv|C bVII,
借用和弦判断,困难,吉他乐理老师,2,G-B-C-Cm,Cm,Cm,true,correct,7,5,2,2,7,借用 bVII,G IV-iv|C bVII,
借用和弦判断,困难,吉他乐理老师,3,C bVII,Bb,Bb,true,correct,8,6,3,3,8,借用 bVII,G IV-iv,
借用和弦判断,困难,吉他乐理老师,4,Gmaj7 Bbmaj7 Ebmaj7 Dm7,Bbmaj7 Ebmaj7 Dm7,Bbmaj7 Ebmaj7 Dm7,true,correct,9,7,4,4,9,借用 bVII,G IV-iv,
借用和弦判断,困难,吉他乐理老师,5,Cmaj7 Ebmaj7 Abmaj7 Gm7,Ebmaj7 Abmaj7 Gm7,Ebmaj7 Abmaj7 Gm7,true,correct,10,8,5,5,10,借用 bVII,G IV-iv,
借用和弦判断,困难,零基础真实用户体验官,1,G IV-iv,wrong,Cm,false,incorrect,11,8,0,5,10,borrowed iv,G IV-iv,
借用和弦判断,困难,零基础真实用户体验官,2,C IV-iv,Fm,Fm,true,correct,12,9,1,5,10,borrowed iv,G IV-iv,
借用和弦判断,困难,零基础真实用户体验官,3,G bVII,F,F,true,correct,13,10,2,5,10,borrowed iv,G IV-iv,
借用和弦判断,困难,零基础真实用户体验官,4,F bVII,wrong,Eb,false,incorrect,14,10,0,5,10,借用 bVII,F bVII|G IV-iv,
借用和弦判断,困难,零基础真实用户体验官,5,Gmaj7 Bbmaj7 Ebmaj7 Dm7,Bbmaj7 Ebmaj7 Dm7,Bbmaj7 Ebmaj7 Dm7,true,correct,15,11,1,5,10,借用 bVII,F bVII|G IV-iv,
借用和弦判断,困难,产品评审专家,1,G-B-C-Cm,Cm,Cm,true,correct,16,12,2,5,10,借用 bVII,F bVII|G IV-iv,
借用和弦判断,困难,产品评审专家,2,G IV-iv,wrong,Cm,false,incorrect,17,12,0,5,10,borrowed iv,G IV-iv|F bVII,
借用和弦判断,困难,产品评审专家,3,Cmaj7 Ebmaj7 Abmaj7 Gm7,Ebmaj7 Abmaj7 Gm7,Ebmaj7 Abmaj7 Gm7,true,correct,18,13,1,5,10,borrowed iv,G IV-iv|F bVII,
借用和弦判断,困难,产品评审专家,4,Fmaj7 Abmaj7 Dbmaj7 Cm7,Abmaj7 Dbmaj7 Cm7,Abmaj7 Dbmaj7 Cm7,true,correct,19,14,2,5,10,borrowed iv,G IV-iv|F bVII,
借用和弦判断,困难,产品评审专家,5,C bVII,Bb,Bb,true,correct,20,15,3,5,10,borrowed iv,G IV-iv|F bVII,
借用和弦判断,综合,资深 QA 工程师,1,F 的 bVImaj7,Dbmaj7,Dbmaj7,true,correct,1,1,1,1,1,暂无,,
借用和弦判断,综合,资深 QA 工程师,2,Eb 的 bVII,wrong,Db,false,incorrect,2,1,0,1,2,借用 bVII,Eb 的 bVII,
借用和弦判断,综合,资深 QA 工程师,3,G 的 bVII,F,F,true,correct,3,2,1,1,3,借用 bVII,Eb 的 bVII,
借用和弦判断,综合,资深 QA 工程师,4,F 的 bVII,Eb,Eb,true,correct,4,3,2,2,4,借用 bVII,Eb 的 bVII,
借用和弦判断,综合,资深 QA 工程师,5,Bb 的 bVII,wrong,Ab,false,incorrect,5,3,0,2,5,借用 bVII,Bb 的 bVII|Eb 的 bVII,
借用和弦判断,综合,吉他乐理老师,1,Eb 的 bVII7,Db7,Db7,true,correct,6,4,1,2,6,借用 bVII,Bb 的 bVII|Eb 的 bVII,
借用和弦判断,综合,吉他乐理老师,2,F 的 bVII7,Eb7,Eb7,true,correct,7,5,2,2,7,借用 bVII,Bb 的 bVII|Eb 的 bVII,
借用和弦判断,综合,吉他乐理老师,3,Eb 的 bVII,Db,Db,true,correct,8,6,3,3,8,借用 bVII,Bb 的 bVII,
借用和弦判断,综合,吉他乐理老师,4,Eb 的 bVImaj7,Cbmaj7,Cbmaj7,true,correct,9,7,4,4,9,借用 bVII,Bb 的 bVII,
借用和弦判断,综合,吉他乐理老师,5,F 的 bVII,Eb,Eb,true,correct,10,8,5,5,10,借用 bVII,Bb 的 bVII,
借用和弦判断,综合,零基础真实用户体验官,1,G 的 bVII,wrong,F,false,incorrect,11,8,0,5,10,借用 bVII,G 的 bVII|Bb 的 bVII,
借用和弦判断,综合,零基础真实用户体验官,2,Bb 的 bVII,Ab,Ab,true,correct,12,9,1,5,10,借用 bVII,G 的 bVII,
借用和弦判断,综合,零基础真实用户体验官,3,Eb 的 bIIImaj7,Gbmaj7,Gbmaj7,true,correct,13,10,2,5,10,借用 bVII,G 的 bVII,
借用和弦判断,综合,零基础真实用户体验官,4,G 的 bIIImaj7,wrong,Bbmaj7,false,incorrect,14,10,0,5,10,借用 bVII,G 的 bIIImaj7|G 的 bVII,
借用和弦判断,综合,零基础真实用户体验官,5,Bb 的 bVII7,Ab7,Ab7,true,correct,15,11,1,5,10,借用 bVII,G 的 bIIImaj7|G 的 bVII,
借用和弦判断,综合,产品评审专家,1,Eb 的 iv,Abm,Abm,true,correct,16,12,2,5,10,借用 bVII,G 的 bIIImaj7|G 的 bVII,
借用和弦判断,综合,产品评审专家,2,G 的 bVII,wrong,F,false,incorrect,17,12,0,5,10,借用 bVII,G 的 bVII|G 的 bIIImaj7,
借用和弦判断,综合,产品评审专家,3,Eb 的 bVII,Db,Db,true,correct,18,13,1,5,10,借用 bVII,G 的 bVII|G 的 bIIImaj7,
借用和弦判断,综合,产品评审专家,4,Bb 的 bVII,Ab,Ab,true,correct,19,14,2,5,10,借用 bVII,G 的 bVII|G 的 bIIImaj7,
借用和弦判断,综合,产品评审专家,5,G 的 bIIImaj7,Bbmaj7,Bbmaj7,true,correct,20,15,3,5,10,借用 bVII,G 的 bVII,
16分网格与重音移位,简单,资深 QA 工程师,1,每拍口令,1 e & a,1 e & a,true,correct,1,1,1,1,1,暂无,,
16分网格与重音移位,简单,资深 QA 工程师,2,一拍的 16 分格,wrong,4,false,incorrect,2,1,0,1,2,16 分网格,一拍的 16 分格,
16分网格与重音移位,简单,资深 QA 工程师,3,4/4 的 16 分格,16,16,true,correct,3,2,1,1,3,16 分网格,一拍的 16 分格,
16分网格与重音移位,简单,资深 QA 工程师,4,每拍口令,1 e & a,1 e & a,true,correct,4,3,2,2,4,16 分网格,一拍的 16 分格,
16分网格与重音移位,简单,资深 QA 工程师,5,一拍的 16 分格,wrong,4,false,incorrect,5,3,0,2,5,16 分网格,一拍的 16 分格,
16分网格与重音移位,简单,吉他乐理老师,1,4/4 的 16 分格,16,16,true,correct,6,4,1,2,6,16 分网格,一拍的 16 分格,
16分网格与重音移位,简单,吉他乐理老师,2,一拍的 16 分格,4,4,true,correct,7,5,2,2,7,16 分网格,,
16分网格与重音移位,简单,吉他乐理老师,3,4/4 的 16 分格,16,16,true,correct,8,6,3,3,8,16 分网格,,
16分网格与重音移位,简单,吉他乐理老师,4,一拍的 16 分格,4,4,true,correct,9,7,4,4,9,16 分网格,,
16分网格与重音移位,简单,吉他乐理老师,5,4/4 的 16 分格,16,16,true,correct,10,8,5,5,10,16 分网格,,
16分网格与重音移位,简单,零基础真实用户体验官,1,一拍的 16 分格,wrong,4,false,incorrect,11,8,0,5,10,16 分网格,一拍的 16 分格,
16分网格与重音移位,简单,零基础真实用户体验官,2,每拍口令,1 e & a,1 e & a,true,correct,12,9,1,5,10,16 分网格,一拍的 16 分格,
16分网格与重音移位,简单,零基础真实用户体验官,3,4/4 的 16 分格,16,16,true,correct,13,10,2,5,10,16 分网格,一拍的 16 分格,
16分网格与重音移位,简单,零基础真实用户体验官,4,一拍的 16 分格,wrong,4,false,incorrect,14,10,0,5,10,16 分网格,一拍的 16 分格,
16分网格与重音移位,简单,零基础真实用户体验官,5,4/4 的 16 分格,16,16,true,correct,15,11,1,5,10,16 分网格,一拍的 16 分格,
16分网格与重音移位,简单,产品评审专家,1,一拍的 16 分格,4,4,true,correct,16,12,2,5,10,16 分网格,,
16分网格与重音移位,简单,产品评审专家,2,4/4 的 16 分格,wrong,16,false,incorrect,17,12,0,5,10,16 分网格,4/4 的 16 分格,
16分网格与重音移位,简单,产品评审专家,3,每拍口令,1 e & a,1 e & a,true,correct,18,13,1,5,10,16 分网格,4/4 的 16 分格,
16分网格与重音移位,简单,产品评审专家,4,一拍的 16 分格,4,4,true,correct,19,14,2,5,10,16 分网格,4/4 的 16 分格,
16分网格与重音移位,简单,产品评审专家,5,4/4 的 16 分格,16,16,true,correct,20,15,3,5,10,16 分网格,,
16分网格与重音移位,中等,资深 QA 工程师,1,X...X...X...X...,quarter accents,每拍一个重音,true,correct,1,1,1,1,1,暂无,,
16分网格与重音移位,中等,资深 QA 工程师,2,三个十六分一组,是,不是,false,incorrect,2,1,0,1,2,概念区分,三个十六分一组,
16分网格与重音移位,中等,资深 QA 工程师,3,X..X..X..X..X...,3+3+3+3+4,3+3+3+3+4,true,correct,3,2,1,1,3,概念区分,三个十六分一组,
16分网格与重音移位,中等,资深 QA 工程师,4,三个十六分一组,不是,不是,true,correct,4,3,2,2,4,概念区分,,
16分网格与重音移位,中等,资深 QA 工程师,5,X..X..X..X..X...,wrong,3+3+3+3+4,false,incorrect,5,3,0,2,5,概念区分,X..X..X..X..X...,
16分网格与重音移位,中等,吉他乐理老师,1,X...X...X...X...,quarter accents,每拍一个重音,true,correct,6,4,1,2,6,概念区分,X..X..X..X..X...,
16分网格与重音移位,中等,吉他乐理老师,2,X..X..X..X..X...,3+3+3+3+4,3+3+3+3+4,true,correct,7,5,2,2,7,概念区分,,
16分网格与重音移位,中等,吉他乐理老师,3,X...X...X...X...,quarter accents,每拍一个重音,true,correct,8,6,3,3,8,概念区分,,
16分网格与重音移位,中等,吉他乐理老师,4,X..X..X..X..X...,3+3+3+3+4,3+3+3+3+4,true,correct,9,7,4,4,9,概念区分,,
16分网格与重音移位,中等,吉他乐理老师,5,三个十六分一组,不是,不是,true,correct,10,8,5,5,10,概念区分,,
16分网格与重音移位,中等,零基础真实用户体验官,1,X..X..X..X..X...,wrong,3+3+3+3+4,false,incorrect,11,8,0,5,10,重音移位,X..X..X..X..X...,
16分网格与重音移位,中等,零基础真实用户体验官,2,X...X...X...X...,quarter accents,每拍一个重音,true,correct,12,9,1,5,10,重音移位,X..X..X..X..X...,
16分网格与重音移位,中等,零基础真实用户体验官,3,三个十六分一组,不是,不是,true,correct,13,10,2,5,10,重音移位,X..X..X..X..X...,
16分网格与重音移位,中等,零基础真实用户体验官,4,X..X..X..X..X...,wrong,3+3+3+3+4,false,incorrect,14,10,0,5,10,重音移位,X..X..X..X..X...,
16分网格与重音移位,中等,零基础真实用户体验官,5,X...X...X...X...,quarter accents,每拍一个重音,true,correct,15,11,1,5,10,重音移位,X..X..X..X..X...,
16分网格与重音移位,中等,产品评审专家,1,X..X..X..X..X...,3+3+3+3+4,3+3+3+3+4,true,correct,16,12,2,5,10,重音移位,,
16分网格与重音移位,中等,产品评审专家,2,三个十六分一组,是,不是,false,incorrect,17,12,0,5,10,重音移位,三个十六分一组,
16分网格与重音移位,中等,产品评审专家,3,X..X..X..X..X...,3+3+3+3+4,3+3+3+3+4,true,correct,18,13,1,5,10,重音移位,三个十六分一组,
16分网格与重音移位,中等,产品评审专家,4,三个十六分一组,不是,不是,true,correct,19,14,2,5,10,重音移位,,
16分网格与重音移位,中等,产品评审专家,5,X..X..X..X..X...,3+3+3+3+4,3+3+3+3+4,true,correct,20,15,3,5,10,重音移位,,
16分网格与重音移位,困难,资深 QA 工程师,1,第2格起 3+3+3+3+4,.X..X..X..X..X..,.X..X..X..X..X..,true,correct,1,1,1,1,1,暂无,,
16分网格与重音移位,困难,资深 QA 工程师,2,排出 3+3+2+3+3+2,X...............,X..X..X.X..X..X.,false,incorrect,2,1,0,1,2,网格输入,排出 3+3+2+3+3+2,
16分网格与重音移位,困难,资深 QA 工程师,3,排出 6+6+4,X.....X.....X...,X.....X.....X...,true,correct,3,2,1,1,3,网格输入,排出 3+3+2+3+3+2,
16分网格与重音移位,困难,资深 QA 工程师,4,排出 3+3+3+3+4,X..X..X..X..X...,X..X..X..X..X...,true,correct,4,3,2,2,4,网格输入,排出 3+3+2+3+3+2,
16分网格与重音移位,困难,资深 QA 工程师,5,ghost note 落点,wrong,5弦,false,incorrect,5,3,0,2,5,网格输入,ghost note 落点|排出 3+3+2+3+3+2,
16分网格与重音移位,困难,吉他乐理老师,1,第2格起 3+3+3+3+4,.X..X..X..X..X..,.X..X..X..X..X..,true,correct,6,4,1,2,6,网格输入,ghost note 落点|排出 3+3+2+3+3+2,
16分网格与重音移位,困难,吉他乐理老师,2,排出 3+3+2+3+3+2,X..X..X.X..X..X.,X..X..X.X..X..X.,true,correct,7,5,2,2,7,网格输入,ghost note 落点,
16分网格与重音移位,困难,吉他乐理老师,3,ghost note 落点,5,5弦,true,correct,8,6,3,3,8,网格输入,,
16分网格与重音移位,困难,吉他乐理老师,4,第2格起 3+3+3+3+4,.X..X..X..X..X..,.X..X..X..X..X..,true,correct,9,7,4,4,9,网格输入,,
16分网格与重音移位,困难,吉他乐理老师,5,排出 3+3+2+3+3+2,X..X..X.X..X..X.,X..X..X.X..X..X.,true,correct,10,8,5,5,10,网格输入,,
16分网格与重音移位,困难,零基础真实用户体验官,1,ghost note 落点,wrong,5弦,false,incorrect,11,8,0,5,10,ghost note 落点,ghost note 落点,
16分网格与重音移位,困难,零基础真实用户体验官,2,第2格起 3+3+3+3+4,.X..X..X..X..X..,.X..X..X..X..X..,true,correct,12,9,1,5,10,ghost note 落点,ghost note 落点,
16分网格与重音移位,困难,零基础真实用户体验官,3,ghost note 落点,5,5弦,true,correct,13,10,2,5,10,ghost note 落点,,
16分网格与重音移位,困难,零基础真实用户体验官,4,第2格起 3+3+3+3+4,X...............,.X..X..X..X..X..,false,incorrect,14,10,0,5,10,ghost note 落点,第2格起 3+3+3+3+4,
16分网格与重音移位,困难,零基础真实用户体验官,5,ghost note 落点,5,5弦,true,correct,15,11,1,5,10,ghost note 落点,第2格起 3+3+3+3+4,
16分网格与重音移位,困难,产品评审专家,1,第2格起 3+3+3+3+4,.X..X..X..X..X..,.X..X..X..X..X..,true,correct,16,12,2,5,10,ghost note 落点,,
16分网格与重音移位,困难,产品评审专家,2,排出 3+3+3+3+4,X...............,X..X..X..X..X...,false,incorrect,17,12,0,5,10,网格输入,排出 3+3+3+3+4,
16分网格与重音移位,困难,产品评审专家,3,第2格起 3+3+3+3+4,.X..X..X..X..X..,.X..X..X..X..X..,true,correct,18,13,1,5,10,网格输入,排出 3+3+3+3+4,
16分网格与重音移位,困难,产品评审专家,4,排出 3+3+3+3+4,X..X..X..X..X...,X..X..X..X..X...,true,correct,19,14,2,5,10,网格输入,,
16分网格与重音移位,困难,产品评审专家,5,排出 3+3+2+3+3+2,X..X..X.X..X..X.,X..X..X.X..X..X.,true,correct,20,15,3,5,10,网格输入,,
16分网格与重音移位,综合,资深 QA 工程师,1,四组三音加四格,能,能,true,correct,1,1,1,1,1,暂无,,
16分网格与重音移位,综合,资深 QA 工程师,2,六六六分组,能,不能,false,incorrect,2,1,0,1,2,回到第一拍,六六六分组,
16分网格与重音移位,综合,资深 QA 工程师,3,六六四分组,能,能,true,correct,3,2,1,1,3,回到第一拍,六六六分组,
16分网格与重音移位,综合,资深 QA 工程师,4,五组三音,不能,不能,true,correct,4,3,2,2,4,回到第一拍,六六六分组,
16分网格与重音移位,综合,资深 QA 工程师,5,六六六分组,能,不能,false,incorrect,5,3,0,2,5,回到第一拍,六六六分组,
16分网格与重音移位,综合,吉他乐理老师,1,六六四分组,能,能,true,correct,6,4,1,2,6,回到第一拍,六六六分组,
16分网格与重音移位,综合,吉他乐理老师,2,六六六分组,不能,不能,true,correct,7,5,2,2,7,回到第一拍,,
16分网格与重音移位,综合,吉他乐理老师,3,四组三音加四格,能,能,true,correct,8,6,3,3,8,回到第一拍,,
16分网格与重音移位,综合,吉他乐理老师,4,六六四分组,能,能,true,correct,9,7,4,4,9,回到第一拍,,
16分网格与重音移位,综合,吉他乐理老师,5,六六六分组,不能,不能,true,correct,10,8,5,5,10,回到第一拍,,
16分网格与重音移位,综合,零基础真实用户体验官,1,四组三音加四格,不能,能,false,incorrect,11,8,0,5,10,回到第一拍,四组三音加四格,
16分网格与重音移位,综合,零基础真实用户体验官,2,六六六分组,不能,不能,true,correct,12,9,1,5,10,回到第一拍,四组三音加四格,
16分网格与重音移位,综合,零基础真实用户体验官,3,四组三音加四格,能,能,true,correct,13,10,2,5,10,回到第一拍,,
16分网格与重音移位,综合,零基础真实用户体验官,4,五组三音,能,不能,false,incorrect,14,10,0,5,10,回到第一拍,五组三音,
16分网格与重音移位,综合,零基础真实用户体验官,5,六六六分组,不能,不能,true,correct,15,11,1,5,10,回到第一拍,五组三音,
16分网格与重音移位,综合,产品评审专家,1,五组三音,不能,不能,true,correct,16,12,2,5,10,回到第一拍,,
16分网格与重音移位,综合,产品评审专家,2,六六六分组,能,不能,false,incorrect,17,12,0,5,10,回到第一拍,六六六分组,
16分网格与重音移位,综合,产品评审专家,3,六六四分组,能,能,true,correct,18,13,1,5,10,回到第一拍,六六六分组,
16分网格与重音移位,综合,产品评审专家,4,六六六分组,不能,不能,true,correct,19,14,2,5,10,回到第一拍,,
16分网格与重音移位,综合,产品评审专家,5,四组三音加四格,能,能,true,correct,20,15,3,5,10,回到第一拍,,